Id,NAME,ADDRESS,CITY,STATE,ZIP,LAT,LON,PHONE,REVENUE,UTILIZATION
17260c93-fcaf-3ccf-815b-0ddb786f5f6d,HOLLYWOOD CROSS MEDICAL CLINIC,1110 N WESTERN AVE,LOS ANGELES,CA,900291087,34.0536909,-118.242766,3234636881,0.0,432
1dd0d14f-2ee5-33f6-a814-9ecc2a14998e,ROYAL HOME CARE INC,870 HAMPSHIRE RD STE P,WESTLAKE VILLAGE,CA,913616041,34.15478506398215,-118.83157757806522,8052303033,0.0,9
c69ad947-f41f-30a3-ad96-3ca014ba7e42,ENCINO PROCARE MEDICAL CENTER PC,5535 BALBOA BLVD STE 104,ENCINO,CA,913161522,34.1715310781971,-118.50091370717297,8189222140,0.0,30
281b06af-1634-3402-aff7-fb15b28aa9b3,NEWBURY PARK URGENT CARE CENTER LTD,2080 NEWBURY RD,NEWBURY PARK,CA,91320,34.1832643283084,-118.9245233941602,8054990308,0.0,32
5d0ef748-1894-3819-a370-79b03a89ade2,PRESTIGE MEDICAL CLINIC AND URGENT CARE INC,1532 SAN BERNARDINO AVE STE A2,POMONA,CA,917673559,34.075793,-117.720272,9099570131,0.0,2
a0c63140-c437-3c5e-93dd-cbdfaf7eb93d,JOHN MUIR MEDICAL CENTER - CONCORD CAMPUS,2540 EAST ST,CONCORD,CA,945202267,37.9835342,-122.03326853469336,9256828200,0.0,36
42186452-c1e6-326b-a098-2838d74aa29a,GOLDEN VALLEY HEALTH CENTER,250 NORTHGATE DR,MANTECA,CA,953363161,37.81897818945475,-121.21992904337117,2093817120,0.0,48
a2acc2d6-25c5-330d-8d81-118480281b9c,PRIME HEALTHCARE SERVICES - ST FRANCIS LLC,3630 E IMPERIAL HWY,SOUTH GATE,CA,902806237,33.9305079,-118.174463,3109008900,0.0,77
4e92862a-6d26-32c3-af75-58b5900cdbeb,VALLEY VIEW CARE CENTER LLC,729 BROWNING RD,DELANO,CA,932159747,35.7671022,-119.22375367814135,6617252501,0.0,2
6edb67bf-257d-34d3-ad3a-5a060d16195d,ARBOR GLEN CARE CENTER,1033 E. ARROW HIGHWAY,GLENDORA,CA,917406110,34.1361187,-117.865339,6269637531,0.0,3
91d90097-2da8-364b-8e1d-15efad06051f,LOMA LINDA UNIVERSITY BEHAVIORAL MED CTR,1710 BARTON ROAD,REDLANDS,CA,923735304,34.04917815,-117.21406627495367,9095589200,0.0,33
8806462c-4c2a-32ad-b873-5fe577aa8338,SEAL BEACH HEALTH AND REHABILITATION CENTER,3000 N GATE ROAD,SEAL BEACH,CA,907402535,33.77321795,-118.07813602083837,5625982477,0.0,7
868aba65-f6a0-3577-8170-f1616f72769a,CAMARILLO SENIOR LIVING,6000 SANTA ROSA ROAD,CAMARILLO,CA,930127101,34.226974,-118.986588,8053888086,0.0,5
ad1a4d2b-b32c-3558-851d-15a0eb97cd1c,SOLANO COUNTY HEALTH AND SOCIAL SERVICES,1119 EAST MONTE VISTA AVENUE,VACAVILLE,CA,956883009,38.36079005,-121.97670764718225,7077848584,0.0,3
c63030a8-50de-3b32-9559-f24fa51a0005,MERCY SAN JUAN MEDICAL CENTER,6501 COYLE AVE,SACRAMENTO,CA,958212122,38.66952005,-121.31317653001221,9165375000,0.0,221
d0aa35ea-1e0f-3005-98aa-fb7d243ca286,ELICA HEALTH CENTERS,4815 WATT AVE,NORTH HIGHLANDS,CA,956605108,38.6710975,-121.38795381804641,9164542345,0.0,31
6e9a512c-2016-36d1-80fd-f7783bd0f85c,ADVANCED HOME CARE INC,1000 QUAIL  NO 130,FONTANA,CA,923377584,34.1189092,-117.4923728,7148331680,0.0,9
306a11fe-5d06-3576-ab68-659aed6ff09d,HOSPICE PARTNERS  INC.,277 SOUTH ST,SANTA MARIA,CA,934548806,34.95125975510204,-120.42860075510204,8057828608,0.0,3
9ad66a31-c8f5-34e3-aab4-153dd6c7d029,VACAVILLE HEALTHCARE INC,585 NUT TREE CT,VACAVILLE,CA,956873353,38.36185117075607,-121.94841636231169,7074498000,0.0,1
68242536-a8a0-3387-9883-c3d4ee01a92f,GLENDALE HOME HEALTH  INC.,1053 COLORADO BLVD STE H,LOS ANGELES,CA,900412573,34.13777546640215,-118.18862824475214,8185998161,0.0,6
dab5e3e2-ec40-3713-97b5-6d23635e9372,REDDY URGENT CARE INC,123 ATLANTIC AVE,LOS ALAMITOS,CA,907203562,33.8038865,-118.0772433,5622091569,0.0,5
cc6760f7-06d8-3152-ab5e-755c7cdf601c,PREMIER SURGERY CENTER OF SANTA MARIA,816 EAST ENOS DRIVE,SANTA MARIA,CA,934548205,34.934393535806414,-120.42278392789598,8053477813,0.0,84
299e2731-a4c8-3110-abf4-176a65b2fce1,JOHN F KENNEDY MEMORIAL HOSPITAL,47111 MONROE STREET,INDIO,CA,922016739,33.7061251,-116.23612764229054,7603476191,0.0,10
5d996db8-84df-37a6-b696-72f9a9366abc,MEDELITY HEALTHCARE  INC.,2888 LONG BEACH BLVD,RANCHO PALOS VERDES,CA,902755370,33.7483311,-118.3707683,5629819100,0.0,59
e2db0de7-6794-3a04-8338-b307bfb7b078,UNITED HEALTH CENTERS OF THE SAN JOAQU,476 EAST WASHINGTON AVENUE,EARLIMART,CA,932190000,35.884411346590205,-119.27135393451397,6618492781,0.0,95
5cbff5bd-ae3a-31b2-b359-3b3ca0e2f3b0,ROYALE HOME HEALTH CARE  INC,221 N SAN DIMAS AVE  SUITE B,LA CRESCENTA,CA,912144570,34.230429,-118.2350733,9093940331,0.0,23
604164c7-656f-3d06-ad92-5b8d41f3470c,MD URGENT CARE INC,1140 EXPOSITION BLVD STE 700,SACRAMENTO,CA,958154334,38.59585907142857,-121.43910197959184,9253016582,0.0,2
f3423ebc-9130-346a-b0ce-4d525ea9bb7b,OPERATION SAMAHAN INC,9995 CARMEL MOUNTAIN RD,SAN DIEGO,CA,92129,32.96074465006127,-117.11202541583458,8442002426,0.0,31
4df7b96d-079c-3a41-9abc-aad233e7b7e5,A CARE HOSPICE INC,24445 HAWTHORNE BLVD STE 105,TORRANCE,CA,905056562,33.80034565,-118.35160483264585,3103750090,0.0,1
e6b3c7cf-49d3-3f0e-9445-11a5614a0ad3,CFHS HOLDINGS  INC.,4650 LINCOLN BLVD,MARINA DEL REY,CA,902926638,33.98135232254192,-118.4401292012784,3104485261,0.0,221
accc48e0-9f06-3cbe-89d3-df83ee3cd925,VERDUGO INTERNAL MEDICINE A MEDICAL GROUP INC,1809 VERDUGO BLVD,GLENDALE,CA,912081402,34.20572112438017,-118.21518567231655,8187906225,0.0,80
8b3c60eb-5961-3177-9920-a41eb4556e9b,CALIFORNIA PACIFIC MEDICAL CTR - ST. LUKE'S CAMPUS,3555 CESAR CHAVEZ STREET,SAN FRANCISCO,CA,941104403,37.74699015,-122.4208571403392,4156478600,0.0,730
e8518820-7c69-3120-aaa3-b168140a5013,SPRING VALLEY POST ACUTE LLC,14973 HESPERIA ROAD,VICTORVILLE,CA,923953923,34.523193502394854,-117.29635519170543,7602456477,0.0,1
78d15b24-34d5-33dd-9555-4a524015c75d,BRIDGE HOSPICE  LLC,5090 SHOREHAM PL STE 209,SAN DIEGO,CA,921225935,32.85275799729223,-117.18557425197204,5827752008,0.0,1
61bc72de-993c-32a1-a33c-2c8caf40be04,SONOMA SPECIALTY HOSPITAL  LLC,501 PETALUMA AVE,SEBASTOPOL,CA,954724215,38.397302499999995,-122.8192628217564,7078238511,0.0,567
078d8939-83a3-3bf4-b5fb-31986669efb7,PLEASANTON URGENT CARE INC.,3128 SANTA RITA RD,PLEASANTON,CA,945668300,37.69029938723925,-121.87863048859407,9254629300,0.0,16
ea403d2c-a3c8-3242-8cb4-9b4d6e58afe3,FOREMOST HOME HEALTH CARE  INC,7033 W SUNSET BLVD SUITE 314,LOS ANGELES,CA,900287564,34.09804794117647,-118.34268982352941,3239539392,0.0,7
b696b1e9-bedc-3632-a604-e8412a54a77b,ST. JUDE NEIGHBORHOOD HEALTH CENTERS,7758 KNOTT AVE,BUENA PARK,CA,906202420,33.849022490822136,-118.01093747934428,7145228723,0.0,28
a8269531-c7a3-3fc4-a20e-f39340660818,TRI-VALLEY FAMILY MEDICINE,1133 E STANLEY BLVD,LIVERMORE,CA,945504246,37.678421099999994,-121.7807809965404,9254439000,0.0,57
5516e4e5-c84b-3b92-925f-bcc954881640,ST EDNA SUBACUTE AND REHABILITATION CENTER,1929 N. FAIRVIEW STREET,SANTA ANA,CA,927062205,33.7494951,-117.8732213,7145549700,0.0,7
d6ba1d70-6cdb-3a2e-9e60-3f8c51de2442,ASSURANCE HOSPICE  INC.,444 E HUNTINGTON DR STE 103,ARCADIA,CA,910066257,34.1311559,-118.0642657,6267933374,0.0,2
815a1789-d01e-375e-9b5d-07264d84484c,KEI-AI SOUTH BAY HEALTHCARE CENTER,15115 S VERMONT AVE,GARDENA,CA,902474101,33.89442493495275,-118.29211857325973,3105320700,0.0,2
597dc2ee-d7e4-3bd0-9c51-d1522a17dccf,SOUTH DRIVE MEDICAL CLINIC,515 S DRIVE,MOUNTAIN VIEW,CA,940404209,37.3667811,-122.0836616,6509619430,0.0,37
024ff353-171c-3689-9aee-30f71418d120,KERN RURAL WELLNESS CENTER INC,146 N HILL ST,ARVIN,CA,932031014,35.209725734693876,-118.83086063265306,6618554468,0.0,40
60a508c0-f0f3-360b-b80b-cbc197928d68,GRACE COMMUNITY HOME HEALTH INC.,229 POLARIS AVE  SUITE 5,MOUNTAIN VIEW,CA,940434579,37.398370549999996,-122.08346785128194,6507840082,0.0,11
3c4f9a56-9fcd-3804-8b37-9952db00b399,VACAVILLE URGENT CARE MEDICAL GROUP INC,1001 NUT TREE RD,VACAVILLE,CA,956874166,38.35664051020409,-121.95289756122449,7074551343,0.0,1
5d3f93c0-4f2c-38ee-99df-414b91e9d0ba,ASERACARE HOSPICE,3203 W MARCH LANE  SUITE 140,STOCKTON,CA,952192365,37.984041591836736,-121.35260612244899,9257985791,0.0,3
bcc4dbf9-02ad-343b-a4e2-3274910cc698,CHILTON AND LESTE MANAGEMENT INC.,5400 ATLANTIS CT,MOORPARK,CA,930217126,34.2819,-118.894954,8055171620,0.0,1
b4246ca2-60c6-32b4-9190-d81bd48106bc,DEL AMO GARDENS CONVALESCENT,22419 KENT AVENUE,TORRANCE,CA,905052303,33.824732599385236,-118.35652783968752,3103784233,0.0,21
0c7cfbaa-65b9-32f9-81d1-d9820789f360,MWN COMMUNITY HOSPITAL LLC,1720 TERMINO AVENUE,LONG BEACH,CA,908042104,33.78889995,-118.14491916024461,5626007226,0.0,192
22f9afff-d5f4-3ad7-8d99-6c734278b7de,G KAMEN MEDICAL SERVICES AND URGENT CARE ON DEMAND PC,1787 OCEANAIRE CT,SAN LUIS OBISPO,CA,934056832,35.25711715,-120.68471480424247,8058881073,0.0,10
8426f008-ff56-3ac7-87e2-8cdd115dcf1e,URGENT CARE CLINIC OF NORTHERN CA INC,999 STORY ROAD SUITE 9021,SAN JOSE,CA,951224604,37.3316042,-121.8566177,4089825301,0.0,1
783b9971-855e-3af2-bbe2-63c4e3400a84,CALIFORNIA NURSING & REHABILITATION CENTER,2299 NORTH INDIAN CANYON DRIVE,PALM SPRINGS,CA,922623023,33.849979,-116.545672,7603252937,0.0,7
19306a6f-1cac-3440-ba25-a3dbfd4fe4d3,PROVIDENCE HEALTH SYSTEM - SOUTHERN CALIFORNIA,501 S BUENA VISTA ST,BURBANK,CA,915054809,34.15594575,-118.32832890181228,8188473022,0.0,48
fdf6e005-548a-3291-abf1-1417cf5c011b,SPECIALTY SURGICAL CENTER OF ARCADIA LP,51 N 5TH AVE,ARCADIA,CA,91006,34.1362075,-118.0401497,6264719901,0.0,95
fd3165b5-afde-3028-a691-9e1fc5955daa,COUNTY OF SAN JOAQUIN,279 SPRECKELS AVE,MANTECA,CA,953366005,37.79418434541426,-121.19792404839981,2094686937,0.0,128
076f3048-689f-3a6f-9adb-aedcac9d15d9,EXECUTIVE URGENT CARE OF INDIAN WELLS,74785 HIGHWAY 111,INDIAN WELLS,CA,922107129,33.721187314197735,-116.3599320977308,7603463932,0.0,3
0ec61f7a-0e36-316c-9fc6-2723af08998e,BAY AREA CONSORTIUM FOR QUALITY HEALTH CARE  INC.,10850 MACARTHUR BLVD,BERKELEY,CA,947051912,37.8753497,-122.23963364918777,5108436194,0.0,42
a36147cb-91bf-3aad-a40f-b89407d8b841,ARBOR POST ACUTE LLC,1200 SPRINGFIELD DR,CHICO,CA,959286340,39.73466,-121.802307,8014479829,0.0,3
45ab0f85-d959-36a4-8adf-7f7974f7c882,MONTEREY PARK HOSPITAL,900 S ATLANTIC BLVD,MONTEREY PARK,CA,917544716,34.04980485,-118.13808529561979,6265709000,0.0,19
a4a18a4d-32e8-3fe0-9dc1-b2d85340b9d7,CHILDREN'S HOSPITAL AT MISSION,27700 MEDICAL CENTER RD FL 5,MISSION VIEJO,CA,926916426,33.5965685,-117.659405,7149973000,0.0,77
3e77b43a-9fc4-3d71-8664-7ddf33051702,INLAND URGENT CARE OF SUN CITY,27168 NEWPORT RD STE 1,MENIFEE,CA,925847383,33.685119,-117.18607025,9512463033,0.0,9
eb1e121e-c4c3-37f2-9da6-ee62e9670234,COMPREHENSIVE COMM HEALTH CENTER-EAGLE ROCK,1704 COLORADO BLVD,LOS ANGELES,CA,900411338,34.13924071428571,-118.20393214285714,3232564116,0.0,88
48c0143f-fdb3-3907-b262-3092e89f9b1e,LOS ANGELES DOCTORS CORP,2231 SOUTH WESTERN AVE,LOS ANGELES,CA,900189903,34.0536909,-118.242766,3237307300,0.0,108
05d8a7c3-348e-3676-a18c-05cbf2244a0a,LOS ROBLES REGIONAL MEDICAL CENTER,215 W JANSS RD,WESTLAKE VILLAGE,CA,913623816,34.1460234,-118.8061794,8054972727,0.0,108
5efe0570-2a4e-3635-8916-1142111c25a6,HOAG URGENT CARE - HUNTINGTON HARBOUR,5355 WARNER AVE,HUNTINGTON BEACH,CA,926496030,33.715772349999995,-118.03620401573522,7143895700,0.0,1
8c5b7db8-879d-3e14-bf27-ff37bdee31b1,HOLISTIC CARE AT HOME  INC,5707 REDWOOD ROAD  SUITE 2,OAKLAND,CA,946192400,37.7979431,-122.1837455,5105305000,0.0,6
e3622cb9-5399-3392-ba13-396945ddd60a,23801 NEWHALL AVENUE LLC,23801 NEWHALL AVE,NEWHALL,CA,913213126,34.3720056,-118.5171507,6612593660,0.0,1
76df0d35-0e17-31bb-8908-c6b3c5b77215,PASADENA URGENT CARE INC,797 S ARROYO PKWY,PASADENA,CA,911053234,34.13225289427312,-118.14740427312775,6263040404,0.0,546
3162a364-5058-30f7-adeb-fb9428869443,EASTERN PLUMAS HOSPITAL- PORTOLA CAMPUS DP/SNF,500 FIRST STREET,PORTOLA,CA,961229406,37.6884252,-121.7573829,5308324277,0.0,10
8050a707-fde3-3484-82a0-48becb8f901a,SAN DIEGO PRIMARY CARE MEDICAL GROUP,3737 MORAGA AVE,SAN DIEGO,CA,921175364,32.8093114,-117.2101852,8582928885,0.0,76
ce120636-7dd2-3994-b848-20d6bcc0f3d5,PROVIDENCE LITTLE CO OF MARY MED CTR SAN PEDRO,1300 W 7TH ST,SAN PEDRO,CA,907323517,33.739339099999995,-118.30668535728435,3108323311,0.0,6
3ab7cf45-6453-3053-994b-f081f192be2e,SYNERGY HEALTH CENTER & URGENT CARE,3128 SANTA RITA RD,SAN RAMON,CA,945831670,37.7648021,-121.9544387,9253504742,0.0,13
5a5cca9c-2630-3c7d-9fc3-f27dab7ac601,AMPLA HEALTH CHICO MEDICAL  DENTAL & PEDIATRICS,680 COHASSET ROAD,CHICO,CA,959262213,39.75230939656818,-121.8456021060989,5303424395,0.0,12
cc490837-8d64-39fd-95c1-aab09228bade,SONORA HOME HEALTH PLLC,11124 W CALIFORNIA AVE,YOUNGTOWN,CA,853631246,38.7778192,-121.3833999,4802258779,0.0,10
e87d9b25-bdc0-317e-9089-1fffebab73e2,WELLSPACE HEALTH,7601 HOSPITAL DR,SACRAMENTO,CA,958235408,38.46432337583888,-121.41603237016655,9166893433,0.0,64
746d064e-e621-3b09-a53f-df19c3be6b7a,REDBROOK HEALTHCARE ASSOCIATES LLC,105 TERRACINA BLVD,REDLANDS,CA,923734845,34.04375505675974,-117.21144742572379,9097932271,0.0,1
ab4afb0d-d05a-33fc-9eac-e58b91e3239b,ALLIANCE MEDICAL CENTER,8465 OLD REDWOOD HWY STE 320,WINDSOR,CA,954929244,38.54294455,-122.80015836719608,7074335494,0.0,28
194202e1-bfa6-32ad-9898-9f020c8a6092,COUNTY OF RIVERSIDE,7140 INDIANA AVE,RIVERSIDE,CA,925044544,33.93827445,-117.39723726023308,9513586000,0.0,74
4cef29a5-e465-3f83-aa5b-2227c9ab4ef8,DTLA URGENT CARE INCORPORATED,431 S HEWITT ST,LOS ANGELES,CA,900132215,34.042461700000004,-118.2355241641543,9099828044,0.0,3
a0730c70-e68d-3cbf-84ec-27b3a5c97934,MENIFEE GLOBAL MEDICAL CENTER,28400 MCCALL BOULEVARD,SUN CITY,CA,925859658,33.7143619,-117.2010549,9516798888,0.0,909
e9ba2eb7-ae6f-3c40-8995-c9e1c589602a,BRUCEVILLE TERRACE - D/P SNF OF METHODIST HOSPITAL,7500 HOSPITAL DR,SACRAMENTO,CA,958235408,38.463021299999994,-121.41634890895006,9164233000,0.0,244
8c778569-a5d3-3bb3-a2b0-95b3514667d4,UNLIMITED HOMECARE SERVICES,159 E HUNTINGTON DRIVE  UNIT 4,ARCADIA,CA,910067056,34.1311559,-118.0642657,6264465468,0.0,30
9faf6325-afc3-34fb-864f-4e77f206d357,ANAHEIM FAMILY MEDICAL INC,1801 W ROMNEYA DR,ANAHEIM,CA,928011818,33.851076899999995,-117.9469631,7149995948,0.0,29
06630d14-645e-3403-b94c-e3ed710ca998,RIVERSIDE COMMUNITY HOSPITAL,4445 MAGNOLIA AVENUE,RIVERSIDE,CA,925014136,33.97651725,-117.38256094437733,9517883000,0.0,48
2e07020f-0cdc-3dff-a59f-723bbfed6b3f,ROSEVILLE CARE CENTER,1161 CIRBY WAY,ROSEVILLE,CA,956614421,38.7296868,-121.2742574,9167821238,0.0,5
e078e6ac-d6b1-3666-950d-4468abd49c01,KINDRED HOSPICE,36947 COOK STREET  BUILDING 10  SUITE 102,PALM DESERT,CA,922116078,33.77948717683687,-116.3558755000679,7603462816,0.0,4
240646e6-14a8-395c-a776-e1e262d5117d,ADVENTIST HEALTH DELANO,1401 GARCES HIGHWAY,DELANO,CA,932153660,35.76202,-119.23931287742049,6617254800,0.0,899
ecdd2391-0bb0-39d8-a92b-4c1c255c77d0,RIO HONDO SUBACUTE &  NURSING CENTER,273 E BEVERLY BOULEVARD,MONTEBELLO,CA,906403775,34.0256826,-118.1427581,3237245100,0.0,2
7c885741-108a-371c-9396-7e00ee2f42af,URGENTCARE3D INC,6010 HIDDEN VALLEY RD,ROLLING HILLS ESTATES,CA,902743651,33.7916099,-118.3570051,7605448233,0.0,11
84cca529-7b3c-384b-9cfb-374d433f314e,POSITIVE & VIGILANT HEALTHCARE INC,331 ILENE ST,MARTINEZ,CA,945532631,38.00802860016362,-122.13329792953368,9252282020,0.0,1
a3832d07-ae5e-3aa8-bc55-894869bb5c08,EMERGENCY PHYSICIANS URGENT CARE INC,9710 BRIMHALL RD,WILDOMAR,CA,925955802,33.5939372,-117.2414989,6618296747,0.0,19
bba22b5c-6b07-3da4-b2c5-ad665032a5b1,SVCHC - BEHAVIORAL HEALTH,19270 SONOMA HIGHWAY,SONOMA,CA,954765414,38.4580446,-122.6757784,7079396070,0.0,51
c4acc0a4-9352-3ebc-a2b9-cc9d69057f41,PACOIMA URGENT CARE,13003 VAN NUYS BLVD,PACOIMA,CA,913318316,34.26980625,-118.41715570833333,8186862030,0.0,2
8c8ad10b-bdd2-3de9-8e75-e6ed7baec699,ALTAMED MEDICAL GROUP - ANAHEIM  LINCOLN,1814 W LINCOLN AVENUE,ANAHEIM,CA,928016730,33.832338890533386,-117.94718515443608,7147805690,0.0,79
6a36de35-87a7-3560-a691-6c19cdad5653,LINCOLN INTERNAL MEDICINE  A MEDICAL CORP.,801 STERLING PARKWAY #120,LINCOLN,CA,956487327,37.3147397,-121.906191,9164083773,0.0,31
c958026c-6069-39f9-aeba-56697f3a6636,ULTIMATE HOME CARE  INC,616 GLENOAKS BLVD #204,GLENDALE,CA,912071778,34.1560903,-118.205187,8182444210,0.0,56
d0d03432-c3c0-3927-aa99-7e90471d0b17,OAKPARK HEALTHCARE CENTER,9166 TUJUNGA CANYON BLVD,TUJUNGA,CA,910423462,34.2463435,-118.2761394,8183524426,0.0,4
5aceb396-3bb0-37ef-81cf-7d22df54d3eb,SOUTHWEST HEALTHCARE SYSTEM,25500 MEDICAL CENTER DRIVE,WILDOMAR,CA,925959681,33.5939372,-117.2414989,9516966000,0.0,134
48f6a52f-4125-3840-b074-efe6af8da5a8,REEDLEY COMMUNITY HOSPITAL,1025 N DOUTY ST,HANFORD,CA,932303722,36.3361254,-119.6456097,5595874349,0.0,76
3eefa792-ef8c-38a2-9c95-b7be02138d1d,ST JOSEPH HOME CARE NETWORK,416 PAYRAN ST,SANTA ROSA,CA,954015119,38.4404925,-122.7141049,7077786242,0.0,3
72005fd8-0e86-337b-b637-bc14398bf118,Anaheim,2569 W Woodland Dr,Anaheim,CA,92801,33.849346,-117.97515,714-763-5300,0.0,1096
7f98ee93-2515-3ad8-ab59-9d4ecd652caa,KYAKAMEENA CARE CENTER,2131 CARLETON STREET,BERKELEY,CA,947043213,37.8617309,-122.26514310853528,5108432131,0.0,1
efdbec59-f550-3a77-970b-32032bf11a46,DESERT REGIONAL MEDICAL CENTER  INC.,1150 N INDIAN CANYON DR,PALM SPRINGS,CA,922624872,33.839248,-116.54244075327415,7603236511,0.0,69
20ba898f-752e-327e-a5e7-378d7fc4cc38,NORTH STAR HEALTHCARE  INC,3201 W TEMPLE AVE  SUITE 200,POMONA,CA,917683280,34.0553813,-117.7517496,8664010676,0.0,11
7c3c197d-f981-3c0b-a386-a9d45cdad240,GLENDORA OAKS BEHAVIORAL HEALTH HOSPITAL,150 WEST ROUTE 66,GLENDORA,CA,917406207,34.1361187,-117.865339,6268525050,0.0,93
e0504997-e386-3a92-9f5c-fcb3a4c50f06,ARROYO GRANDE CARE CENTER,1212 FARROLL AVE,ARROYO GRANDE,CA,934203718,35.1112931,-120.60211559872941,8054898137,0.0,9
07f141b1-958e-3211-8fb7-b42278fd7820,HUNTINGTON PARK NURSING CENTER,6425 MILES AVENUE,HUNTINGTON PARK,CA,902554315,33.98122692766888,-118.2192131015396,2135895941,0.0,9
59565eb7-63eb-376b-a470-677242bd5c10,COMMUNITY HEALTH CENTERS OF THE CENTRAL COAST,260 STATION WAY,ARROYO GRANDE,CA,934203359,35.11976855,-120.57856444973994,8054813652,0.0,191
a9957b27-1719-3071-8100-7664b53c1989,BAKERSFIELD BEHAVIORAL HEALTHCARE HOSPITAL  LLC,5201 WHITE LANE,BAKERSFIELD,CA,933096200,35.318032409395975,-119.06036208053692,6613981800,0.0,27
63061f16-2040-3917-9044-7184dcb16e2c,INDIAN VALLEY MEDICAL CLINIC,176 HOT SPRINGS ROAD,GREENVILLE,CA,959479747,40.14007,-120.937217,5302846116,0.0,4
4394dc4f-d065-3588-8407-81f86244f7b0,OC URGENTCARE MEDICAL GROUP INCORPORATED,631 S BROOKHURST ST,SANTA ANA,CA,927053916,33.7494951,-117.8732213,7149915700,0.0,3
4baa28b9-5ab5-3553-872c-d1e615a0d438,SAN RAMON REGIONAL MEDICAL CENTER  LLC,6001 NORRIS CANYON RD,SAN RAMON,CA,945835440,37.77621565,-121.95861021536575,9252759200,0.0,661
c8fe8880-23bd-316a-b942-3d089bbb0e27,SUK MEDICAL CLINIC INC,15435 S WESTERN AVE STE 201,GARDENA,CA,902494324,33.8963593,-118.3053037,3105159874,0.0,30
2413f0aa-9e0d-3422-ae43-ebee33eb0e1d,PATHWAYS HOME HEALTH AND HOSPICE,585 N MARY AVE,SUNNYVALE,CA,940852905,37.39260745,-122.03792304521723,4087301500,0.0,3
a5902b41-2f93-3011-a63e-d7d69b970425,UCSD MEDICAL CENTER,200 WEST ARBOR DRIVE,SAN DIEGO,CA,921031422,32.75531155,-117.16552466018484,6195436308,0.0,90
70ee6c9d-eaa8-3b88-8b8e-782a196ebdd6,SHAFTER URGENT CARE,501 MUNZER ST STE A,SHAFTER,CA,932632042,35.500962846938776,-119.27654147959184,6614292739,0.0,20
039c0384-900a-31e7-a496-e02e7201b634,UNITED HEALTH CENTERS OF THE SAN JOAQUIN VALLEY,1110 N BLACKSTONE AVE,FRESNO,CA,937011016,36.75694047368421,-119.7904482105263,8004924227,0.0,82
7231fcfd-192d-34ef-859e-c0470a6aac35,ENLOE MEDICAL CENTER,111 RALEY BLVD,CHICO,CA,959288351,39.715956612244895,-121.79151138775511,5308948800,0.0,471
64800821-0906-3b48-8eb7-47796756d9cf,COLLEGE MEDICAL CENTER,2776 PACIFIC AVENUE,LONG BEACH,CA,908131714,33.807103,-118.19307252961471,5625951911,0.0,25
df1fba3c-2ede-3565-8816-d61ab0dab0a5,COMPREHENSIVE PRIMARY CARE MEDICAL ASSOCIATES  INC,7798 CHERRY AVE,SAN BERNARDINO,CA,924111232,34.1122776,-117.4890206,9093551296,0.0,28
4192b71c-bb48-3f9c-9c21-a15e062ccf37,MARIAN MEDICAL CENTER D/P SNF,1530 E CYPRESS WY,SANTA MARIA,CA,934545900,34.950933,-120.410711,8057393650,0.0,1
36ee72fd-46b9-3f1c-8f38-179e23bfd3fb,RESURGENT HEAD AND NECK SURGEONS  INC.,6848 MAGNOLIA AVE STE 220,RIVERSIDE,CA,925062858,33.94950803779398,-117.39885513248923,9516561500,0.0,29
d21b191f-27a0-39fc-aa50-3a14a1299afa,POMONA VALLEY HOSPITAL MEDICAL CENTER,1798 N. GAREY AVE.,POMONA,CA,917673027,34.07721975,-117.75058962241243,9098659500,0.0,145
c99ef173-d37a-3af6-a526-e9d2494c0b95,COMPASS AT HOME-A HEALTHY LIVING NETWORK COMPANY  LLC,2150 MAIN ST,GROVER BEACH,CA,934332263,35.1209452,-120.621837,8059271212,0.0,17
3b7e2c48-1df5-3ed4-9580-f5795f8ee7b5,IMMEDIATE FAMILY MEDICAL CARE INC,1441 W STATE ST,EL CENTRO,CA,922432800,32.791635426909146,-115.56921086769675,7603371771,0.0,30
dfa9eda0-31c7-38e2-8c1c-62b4ec2688ff,MAYWOOD ACRES HEALTHCARE,2641 SOUTH C ST,OXNARD,CA,930334502,34.175400250653695,-119.18129649321871,8054877840,0.0,6
3796efdd-bf88-3864-8b3a-67b475c4d0d4,HEALTH IS WEALTH HOME HEALTH AGENCY LLC,3135 CLAYTON RD,CONCORD,CA,945192712,37.973476910324145,-122.0213002451483,6513319212,0.0,12
3e38a669-0e97-343b-8aa4-0622da8a37cf,CENTRAL COAST URGENT CARE MEDICAL GROUP,340 EAST BETTERAVIA RD,SANTA MARIA,CA,93455,34.92336716608467,-120.42841778364985,8059220561,0.0,4
944b4c6b-4b67-33eb-b36f-f2adc26830bf,NEWMD URGENT CARE CENTER INC,3431 BROADWAY ST,EL CERRITO,CA,945302620,37.9154056,-122.301411,7077311108,0.0,3
dfdc0d3d-86dc-397a-83ab-6422a2078607,JWCH INSTITUTE INC,5600 RICKENBACKER RD,BELL,CA,902016437,33.989166,-118.16286,3232638840,0.0,31
f59e3010-bb3e-324f-bbe2-24f7ecca6039,ARIA HOSPICE LLC,314 N 8TH ST,SAN DIEGO,CA,921083828,32.952789,-117.260689,6195407477,0.0,3
fc25da33-7891-39bd-8af9-8c4dea97f93d,WINDSOR MANOR,1230 E. WINDSOR RD.,GLENDALE,CA,912052656,34.137067314285716,-118.23821219999999,8182447219,0.0,1
3fec8ac1-2c6d-3b56-ac7b-a05d1d1c4a7b,SURGERY CENTER OF SOUTH BAY,23500 MADISON ST,TORRANCE,CA,905054702,33.81171330905873,-118.34768341218735,3107842710,0.0,138
5911931d-d939-3fba-b93d-0b1bdf14025b,KINDRED HOSPICE,735 CARNEGIE DRIVE SUITE 240,VICTORVILLE,CA,923958300,34.5361067,-117.2911565,9098885000,0.0,20
a5738e19-163e-3821-999a-b3118f4b8a11,CHARTER HOSPICE OF THE SAN GABRIEL VALLEY  LLC,970 S. VILLAGE OAKS DRIVE,COVINA,CA,917240609,34.071636500000004,-117.86339299999999,6263318001,0.0,3
1e46223d-fa48-327f-9151-3930816089b1,PROVIDENCE ST. JUDE MEDICAL CENTER,101 E VALENCIA MESA DRIVE,YORBA LINDA,CA,928862026,33.8901096,-117.8249705,7149923000,0.0,42
9a66db72-d4c7-385f-b1f2-aaecd5bfc3f0,SHARP CHULA VISTA MEDICAL CENTER,751 MEDICAL CENTER CT,CHULA VISTA,CA,919116661,32.6188528,-117.0230189178402,6194825800,0.0,66
443c4682-fd0b-32b4-be8c-98fe69c48946,PASADENA HOSPITAL ASSOCIATION  LTD.,711 FAIRMOUNT AVE,PASADENA,CA,911053103,34.13310213422819,-118.1518877248322,6263975485,0.0,14
29960149-09bc-3ca3-98e9-80442619dfba,DANVILLE POST-ACUTE REHAB,336 DIABLO ROAD,DANVILLE,CA,945263417,37.82360785,-121.99636255332081,9258374566,0.0,15
5ac41d15-0627-3c13-ad89-b6fce6e847c4,HAPPY HOME HEALTH SERVICES,650 W DUARTE RD  SUITE 402,ARCADIA,CA,910077658,34.1265107,-118.0518999,6262549999,0.0,5
148d052a-3467-3058-a8cc-25aaf27af0c8,ELK GROVE URGENT CARE INC,9045 BRUCEVILLE RD,ELK GROVE,CA,957585950,38.4299335,-121.416998,9164799110,0.0,36
5fe5bc14-f667-3011-bd28-16f8f610cc65,ALAMEDA URGENT CARE CURTIS MD & SHEFAYEE PA INC,2421 ENCINAL AVE STE A,ALAMEDA,CA,945015670,37.76236565,-122.24352746828237,5109958200,0.0,74
84bd511c-ac61-3f7b-87d1-11ae51d8369d,LATHROP URGENT CARE  A PROFESSIONAL MEDICAL CORPORATION,15810 S HARLAN RD STE A,LATHROP,CA,953308719,37.818864,-121.2919602,2099839000,0.0,2
769df896-c4ea-3bc1-809d-2157f602fcbf,KAISER FOUNDATION HOSPITAL - SAN LEANDRO,2500 MERCED STREET,SAN LEANDRO,CA,945774201,37.7060167,-122.16514715008631,5104541000,0.0,412
59b63c14-910d-31e8-b50c-164c56abef3e,ST JOHN'S WELL CHILD AND FAMILY CTR INC-MANUAL ART,4085 S VERMONT AVENUE,LOS ANGELES,CA,900371942,33.8821247,-118.2913193,3235411631,0.0,3
be555368-8769-3df1-b979-0eac1d0dab16,FAMILY HEALTH CENTER OF BENICIA,1440 MILITARY W,BENICIA,CA,945102446,38.0676742540809,-122.18211299543344,7077450711,0.0,28
13c6e023-0366-3b3d-b592-5adbcebe8a82,CARING LIKE FAMILY INC,4223 GLENCOE AVE,MARINA DEL REY,CA,902928821,33.9776848,-118.4486479,3103954788,0.0,23
b9e3e31b-bf5f-3786-919c-c9597bf530d9,COMPREHENSIVE COMMUNITY HEALTH CENTERS INC,801 S. CHEVY CHASE DRIVE,GLENDALE,CA,912054433,34.1366667,-118.2405556,8182652264,0.0,59
eef201b1-e5d8-3424-b7a1-9b3909bf1962,ALL SAINT'S SUBACUTE & TRANSITIONAL CARE,1652 MONO AVENUE,SAN LEANDRO,CA,945782020,37.7249296,-122.1560768,5104813200,0.0,1
0342b793-d0d4-3013-9e30-985f925d832f,HACIENDA POST ACUTE INC,361 E GRANGEVILLE BLVD,HANFORD,CA,932303054,36.34254251020408,-119.64200551020409,5595829221,0.0,1
5ae9aa34-5c92-328e-802e-6a02987eb9d9,HENRY MAYO NEWHALL MEMORIAL HOSPITAL,23845 MCBEAN PKWY,VALENCIA,CA,913552001,34.39823345,-118.55308717938074,6612538000,0.0,32
7d71ecfb-edc4-38a8-9724-c004eb786445,WINDSOR VALLEJO CARE CENTER  LLC,2200 TUOLUMNE ST,VALLEJO,CA,945892523,38.12982701886295,-122.23968209761412,7076447401,0.0,2
a192c8b8-bcad-3769-886d-d239d2d375b8,GOLDEN GATEIDENCE OPCO LLC,2121 PINE ST,SAN FRANCISCO,CA,941152829,37.78799255,-122.43107340571919,8014479829,0.0,1
4ca8b1b2-092e-30a4-a16a-07043c25021a,TIMBERLAKE FAMILY PRACTICE A MEDICAL CORPORATION,9381 E STOCKTON BLVD STE 216,ELK GROVE,CA,956245070,38.380975,-121.366132,9166915855,0.0,59
eb4e1f32-19ad-394d-9f6e-272161f73aec,FAMILY SUPPORT SERVICES OF THE BAY AREA,303 HEGENBERGER RD STE 400,OAKLAND,CA,946105097,37.7349435,-122.1982437,5108342443,0.0,68
8a18c858-06a4-3fc4-9ac4-83c35cce847b,CONTRA COSTA COUNTY,2500 ALHAMBRA AVE,MARTINEZ,CA,945533156,38.0066652,-122.13250717569375,9253705955,0.0,16
12d23870-c6a4-3753-a1b2-a0739290244f,NEW ANANDA MEDICAL AND URGENT CARE  INC.,1648 TYLER AVE,EL MONTE,CA,917312633,34.047523408163265,-118.04179114285714,6265790103,0.0,1
6ec709b9-098e-3409-b27c-67cc54d072d3,BELL GARDENS COMMUNITY HEALTH CENTER,6912 AJAX AVENUE,BELL GARDENS,CA,902014057,33.97044568580428,-118.16275768945522,2135625813,0.0,6
bbf7173c-2620-3210-8a75-8643167fb89c,HAVEN ELITE URGENT CARE,6417 HAVEN AVE STE 110,RANCHO CUCAMONGA,CA,917373804,34.1375813763621,-117.5757533565586,9099412273,0.0,25
0045bce4-3162-3727-a9f6-2baa0b5c25ab,HEARTWOOD AVENUE HEALTHCARE,1044 HEARTWOOD AVE.,VALLEJO,CA,945915637,38.10523063851168,-122.21135294815464,7076432267,0.0,1
141f5e1e-91d0-39b5-bf7d-a1dfd2e47d45,COMMUNITY HEALTH CENTERS OF THE CENTRAL COAST INC,2120 CIENAGA,OCEANO,CA,934459016,35.09826244630872,-120.60789850335571,8059942100,0.0,80
fde8c1f6-411e-3a6b-bba1-3248489fa3ee,CASA PACIFICA,23442 EL TORO RD,LAKE FOREST,CA,926306992,33.6222427,-117.6971815,9494724700,0.0,1
d999b41e-3619-3a26-aa14-a7ded72f8626,CHANNEL ISLANDS FAMILY MEDICAL CLINIC,2800 S VENTURA RD,OXNARD,CA,930334905,34.1752246,-119.194913,8059840144,0.0,31
768ac28d-11f9-37c2-b12b-390dab78e30f,COUNTRY VILLA WILSHIRE CONVALESCENT CENTER,855 NORTH FAIRFAX AVENUE,LOS ANGELES,CA,900467207,34.0869404,-118.3617405,3236531521,0.0,3
f30c4692-6edb-3404-aeb6-6919e344298a,LA CLINICA NORTH VALLEJO,220 HOSPITAL DR,VALLEJO,CA,945892517,38.13115994741174,-122.23971890265432,7076411900,0.0,57
37e05597-7c74-3054-afd7-2a649c22f319,BORREGO COMMUNITY HEALTH FOUNDATION,8856 ARLINGTON AVENUE,RIVERSIDE,CA,925031365,33.945921,-117.46742024226165,6193442815,0.0,53
a82d9658-9640-358b-8ade-96d7bea726db,THE PAVILION AT OCEAN POINT,3202 DUKE STREET,SAN DIEGO,CA,921105401,32.752555,-117.219049,6192244141,0.0,14
ee62229e-4e2c-3251-a1bc-4cb114e59cca,MEMORIAL HOSPITAL OF GARDENA,1145 W REDONDO BEACH BLVD,GARDENA,CA,902473511,33.89312165,-118.29505014585055,3105324200,0.0,132
df0b0e50-b867-347b-88e6-db37be2b6b1a,UNIVERSITY OF CALIFORNIA SAN FRANCISCO,505 PARNASSUS AVE,SANTA ROSA,CA,954045202,38.4404925,-122.7141049,4153532742,0.0,69
586035fe-388f-3eec-afda-dfd851d038b6,GOLDEN VALLEY HEALTH CENTER,847 W CHILDS AVE,MERCED,CA,953416862,37.288286,-120.49705608163265,2093837441,0.0,29
dcea0d70-09b7-3975-bd3f-95ba0f6b4323,San Bernardino Vet Center,1325 E. Cooley Drive  Suite 101,Colton,CA,92324,34.054634,-117.30536,909-801-5762 Or 877-927-8387,0.0,203
40e1988a-b43d-35d9-bdfe-255063a172e8,SANO MEDICAL CLINIC INC,1444 S MAIN ST,SANTA ANA,CA,927071717,33.727399,-117.868102,7148354330,0.0,61
f1e8e08d-eaed-3d41-be5a-05ff362076bf,UNICARE COMMUNITY HEALTH CENTER INC,17500 FOOTHILL BLVD STE A2,FONTANA,CA,923353798,34.10676,-117.422601,9094280170,0.0,80
8aec2796-d30e-324f-814f-8c55e1de391d,CHESAPEAKE BAY HOLDINGS LLC,1517 KNICKERBOCKER DR,STOCKTON,CA,952103119,38.02433255157474,-121.29388051574736,2099574539,0.0,3
ae35a9f0-7a7f-3058-b6b7-8919f760a245,KAISER FOUNDATION HOSPITAL - SAN FRANCISCO,2425 GEARY BLVD,SAN FRANCISCO,CA,941153358,37.7822139,-122.442708,4158332646,0.0,3
e57d6004-53bd-3351-9a8d-1fee7102222c,USC VERDUGO HILLS HOSPITAL,1812 VERDUGO BLVD,GLENDALE,CA,912081407,34.2045076,-118.21622331598934,8187907100,0.0,401
d68ed629-cb39-39fc-bfc2-1cb2284b8cde,COMFORT HANDS HEALTHCARE INC,792 MERIDIAN WAY,SAN JOSE,CA,951263879,37.31321465,-121.91322580546904,4084410522,0.0,3
5a635df9-7926-3d94-88ef-1257964d62d1,RANCHO DIALYSIS CLINIC,10294 ROCKINGHAM DRIVE,RANCHO CORDOVA,CA,95827,38.57391558333334,-121.3070725,9168571819,0.0,5
3477d585-ad10-3b42-aaf7-8edf975dff4d,FAMILY CARE,315 EAST 13TH STREET,MERCED,CA,953408787,37.29257537878788,-120.47365121212121,2093857060,0.0,36
4473f6c8-1e92-39d7-b676-c3846e15ce79,COMMUNITY HEALTH CENTERS  OCEANO,1981 CIENAGA ST,OCEANO,CA,934459029,35.098268510067115,-120.60856271812081,8052700025,0.0,15
d06458ec-71e8-3e20-92d8-541772990f5c,URGENT HEALTH CLINIC MEDICAL GROUP INC,1141 E COLORADO ST,GLENDALE,CA,912051308,34.1427245673606,-118.24085622638388,8189561141,0.0,2
db676591-a4f7-354a-91d3-06ab697fc5ab,THE CHILDREN'S CL FAMILY HEALTH IN CTR LONG BEACH,2360 PACIFIC AVENUE,LONG BEACH,CA,908063051,33.800101125,-118.19360779166666,5629330471,0.0,46
aabbd845-c029-33d9-9e54-85e12126bafa,SAC HEALTH SYSTEM,84110 MANILA AVE # B,INDIO,CA,922017128,33.7192808,-116.2188054,9093827100,0.0,24
cdeba70d-a301-3982-8f31-f33bc24bddcd,ROCK CREEK CARE CENTER,260 RACETRACK STREET,AUBURN,CA,956035422,38.890197,-121.08015284260273,5308857051,0.0,4
bae5db09-eefa-382c-b77d-418416442913,ARCADIA CARE CENTER  LLC,1601 S BALDWIN AVE,ARCADIA,CA,910077930,34.1362075,-118.0401497,9178428361,0.0,1
b8acb89a-d588-3d89-942b-8a334c348a77,ARCADIA PRIMARY CARE PHYSICIANS MEDICAL CORPORATION,1505 S BALDWIN AVE # B,ARCADIA,CA,910077925,34.1362075,-118.0401497,6264451556,0.0,32
50ddf6dc-e168-3342-abdd-120d136bcb3f,COMMUNITY HEALTH ALLIANCE OF PASADENA,3160 E DEL MAR BLVD,PASADENA,CA,911074649,34.1421212244898,-118.085818,6263898715,0.0,61
a96231f8-1ff5-35e2-8fed-fea829614de3,AURORA LAS ENCINAS HOSPITAL,2900 E DEL MAR BLVD,PASADENA,CA,911074375,34.140785550000004,-118.09126168355593,8662793709,0.0,1103
30711c21-a447-3352-80f5-d97760825d38,ADVENTIST HEALTH HANFORD,115 MALL DRIVE,SELMA,CA,936623241,36.5711781,-119.6245385,2094107200,0.0,205
18a70090-0f15-3f2a-8c5a-a6f0e913e771,HEALTH CARE CTR AT THE FORUM AT RANCHO SAN ANTONIO,23600 VIA ESPLENDOR,CUPERTINO,CA,950146516,37.3382162,-122.08863205958173,6509440200,0.0,1
0932b16c-1ac4-3053-9aaf-c1deb57f5bb7,APEX HEALTHCARE MEDICAL CENTER INC,41889 E. FLORIDA AVE,MENIFEE,CA,925866547,33.6864432,-117.1770437,9516528700,0.0,73
d80ac919-f93c-3662-9a7f-289de7115243,AFFORDABLE MEDICAL CENTER & URGENT CARE INC,819 S VERMONT AVE,LOS ANGELES,CA,900051522,34.05725511764706,-118.2917244117647,3233005266,0.0,1
c1fbacb0-3b5f-3018-9101-7c60e12c2de2,TORREY PINES SENIOR LIVING,13101 HARTFIELD AVE,SAN DIEGO,CA,921301511,32.95616930412233,-117.22995501997715,8582592222,0.0,10
a51a824a-d85b-3ce4-bf1f-8eaf1304feef,ARVIN COMMUNITY HEALTH CENTER,1305 BEAR MOUNTAIN BOULEVARD,ARVIN,CA,932031231,35.20896603517588,-118.83892430653266,6618543131,0.0,4
72327fe0-e203-3831-9b93-a7aa3a4fc14e,ARDENT HOSPICE & PALLIATIVE CARE OF THE VALLEY  INC.,601 HIGH ST UNIT E,DELANO,CA,932152299,35.7688425,-119.2470536,6193067676,0.0,3
ab5348cd-7f81-3433-8df8-df6fc3c32843,PINE CREEK CARE CENTER,1139 CIRBY WAY,ROSEVILLE,CA,956614421,38.729561,-121.275043,9167827007,0.0,5
f4c44e01-a0bd-3d94-bc30-531aaa7bf7ac,AURORA SAN DIEGO LLC,11878 AVENUE OF INDUSTRY,SAN DIEGO,CA,921283423,32.991603,-117.074722,8584873200,0.0,54
3a444f29-9ae7-37b3-92e8-a87eabbd6850,A&C URGENT CARE INC,1000 S ANAHEIM BLVD STE 200,CERRITOS,CA,907038509,33.8644291,-118.0539323,7146344884,0.0,61
57b0829d-c600-3fb3-a257-f1bdc1163471,AFFORDABLE UNIQUE HEALTH CARE  INC.,2070 SILENCE DR,SAN JOSE,CA,951281652,37.35078595,-121.78933603651632,5104594567,0.0,28
ab6de559-d7c1-3eea-8ef0-a82b47147330,LAGUNA HILLS HEALTH AND REHABILITATION CENTER,24452 HEALTH CENTER DRIVE,LAGUNA HILLS,CA,926533604,33.6073529,-117.70659170191507,9498378000,0.0,2
4d9f75bd-d9b5-3f0d-81d5-f7a9cacc4e75,CREEKSIDE REHABILITATION & BEHAVIORAL HEALTH,850 SONOMA AVE,SANTA ROSA,CA,954044715,38.4391527,-122.7063416,7075447750,0.0,11
0de16e8e-88a9-3600-ad17-f3dafda8e867,CASA COLOMA HOLDINGS LLC,10410 COLOMA RD,RANCHO CORDOVA,CA,956702108,38.597777,-121.303574,6194023044,0.0,2
f9ad63a9-cf93-39ce-ac6d-35555a8e2824,PASADENA FAMILY MEDICINE INC,301 S FAIR OAKS AVE,PASADENA,CA,911053132,34.1405,-118.150518,6267921912,0.0,28
bf2045b2-b5b7-326c-bcb0-ff93f9fe2caf,ROYAL CARE SKILLED NURSING CTR,2725 PACIFIC AVENUE,LONG BEACH,CA,908062612,33.806705755102044,-118.19380326530612,5624277493,0.0,1
cb51812c-2cba-381b-b796-5cfd7b75cd59,EL CAMINO HOSPITAL,2500 GRANT RD,MOUNTAIN VIEW,CA,940404302,37.36885985000001,-122.079862859814,6509407000,0.0,101
1687289e-2d15-3e15-a6b6-d87dabb97ff2,Sacramento Vet Center,1111 Howe Avenue Suite #390,Sacramento,CA,95825,38.584957,-121.41534,916-566-7430 Or 877-927-8387,0.0,535
4c4b7c7a-19f1-3d79-80ef-a358cb31cc3c,SOUTHERN CALIFORNIA PRIMARY CARE MEDICAL GROUP  INC,31581 CANYON ESTATES DR,LAKE ELSINORE,CA,925320424,33.66559598282862,-117.29593438898715,9512443500,0.0,107
0b0681be-ccac-31e1-9943-32fe714b9fed,LOS ANGELES DOCTORS CORP,2231 SOUTH WESTERN AVE,LOS ANGELES,CA,900181302,34.0536909,-118.242766,3237307300,0.0,1
364879b9-e5e5-326e-8352-b45f8229b168,HEALTHCARE CENTRE OF FRESNO,1665 M ST,FRESNO,CA,937211121,36.742328900000004,-119.79448041908859,5592685361,0.0,2
5c27db48-1a2c-3e47-a497-3689ea196992,URGENT MD INC,9221 SIERRA COLLEGE BLVD,ROSEVILLE,CA,956615919,38.73454941499018,-121.22576257458509,8157132600,0.0,4
54c616ba-7a6a-3c81-9bfc-7f15b1ce5f18,MISSION VIEW HEALTH CENTER,1425 WOODSIDE DR,SAN LUIS OBISPO,CA,934015936,35.2656816,-120.6386842,8055430210,0.0,5
171a1ad0-a354-30bd-901a-a0a9c580fdad,AVEEM INC,2520 STANWELL DR STE 100,CONCORD,CA,945204819,37.98520210356726,-122.04812446531203,9256920012,0.0,2
4bf9b662-9915-3ee5-bd84-03d0a642628a,FLOWER VILLA  INC,1480 S. LA CIENEGA BL,LOS ANGELES,CA,900353715,34.0536909,-118.242766,3106523030,0.0,7
bdb0e1a7-3fe2-3a3b-b1d6-21c3de3e009f,ST. JOHN OF GOD RETIREMENT AND CARE CENTER,2468 S ST ANDREWS PL,LOS ANGELES,CA,900182042,33.9319856,-118.3112937,3237310641,0.0,1
76f8cd42-e2f5-39b6-aa00-aa20f9efa5b8,PROVIDENCE HEALTH SYSTEM - SOUTHERN CALIFORNIA,1300 W 7TH ST,SAN PEDRO,CA,907323505,33.739339099999995,-118.30668535728435,3103037496,0.0,62
a50cda1d-3507-3be6-b10c-62724719885b,ST JOSEPH HOSPITAL OF ORANGE,1100 W STEWART DR,ORANGE,CA,928683849,33.7500378,-117.8704931,7146339111,0.0,582
6794b488-6fc7-3959-812f-d952d8e2c732,DEL AMO HOSPITAL,23700 CAMINO DEL SOL,TORRANCE,CA,905055017,33.810236,-118.343841,3105301151,0.0,149
a4923b9e-f126-3e2e-8b8f-d472c4f63a1e,NORTHEAST COMMUNITY CLINIC,1414 S GRAND AVE STE 380,LOS ANGELES,CA,900153072,33.731632,-118.290059,2132221300,0.0,38
016744a7-82d4-30d3-94c2-318d371a3c9c,SAXON SURGICAL CENTER INC,430 EAST AVENIDA DE LOS ARBOLES,THOUSAND OAKS,CA,913603017,34.21747325,-118.86943750224539,8052410151,0.0,939
1622f93b-9e7a-369a-aab6-40b7cd928e96,SUPERB HOME HEALTH AGENCY  INC,370 S CRENSHAW BLVD SUITE E202L,TORRANCE,CA,905031729,33.79214,-118.333261,3102120916,0.0,12
455a17d6-da7c-30c2-9bc7-caec65b413d7,LA SIERRA CARE CENTER,2424 M STREET,MERCED,CA,953402808,37.30925622448979,-120.48052991836734,2097234224,0.0,1
8fb4c789-a977-3026-812c-17f80918205a,ST JOHNS REGIONAL MEDICAL CENTER,1600 N ROSE AVE,PORT HUENEME,CA,930413220,34.1477558,-119.1951559,8059882701,0.0,62
389b93b5-76d3-3e38-9f4d-b293b6411dd2,INTERIM HEALTHCARE HOSPICE,2233 WATT AVENUE  SUITE 330,SACRAMENTO,CA,958250571,38.60444137349398,-121.3830523373494,9167790811,0.0,3
cb588bed-cdc5-3fbe-8d53-54b4df921da1,TELECARE HERITAGE PSYCHIATRIC HEALTH FACILITY,2633 E 27TH STREET  BUILDING B,OAKLAND,CA,946011912,37.7906968,-122.2225346,5105355115,0.0,93
9fbb405b-c4a8-316d-9ff3-c3a5cc923fce,CORWIN URGENT CARE CENTER,16070 TUSCOLA ROAD,APPLE VALLEY,CA,923071691,34.54364013494079,-117.26919684098566,7602424000,0.0,21
0a94f8e3-f3da-3e84-a802-cd7d12466c28,EL CENTRO REGIONAL MEDICAL CENTER,1415 ROSS AVENUE,EL CENTRO,CA,922434306,32.780552400000005,-115.56852244658454,7603397100,0.0,67
ff93a79e-b3f2-3f36-8e05-c19b788d3e91,ROHNERT PARK HEALTH CENTER,5900 STATE FARM DRIVE  SUITE 200,ROHNERT PARK,CA,949282149,38.3538888,-122.70656830027599,7075597600,0.0,234
2a0482fa-4548-32cd-ad4a-bfd9ef9d343d,RIVERWOOD HEALTH CARE,5320 CARRINGTON CIRCLE,STOCKTON,CA,952103515,38.00515673928312,-121.29381298430118,2094733004,0.0,1
542134b9-c3de-3060-8d9b-c540f464c86d,MAYFLOWER GARDENS HEALTH FACILITIES INC.,6705 COLUMBIA WAY,LANCASTER,CA,935361233,34.6456338,-118.2293171,6619433212,0.0,1
fe0cdce9-610e-3983-9df5-c7dccb8cfcae,ONTARIO HEALTHCARE CENTER,1661 SOUTH EUCLID AVENUE,ONTARIO,CA,917625826,34.0434048688291,-117.6512017570574,9099846713,0.0,11
dc7faa25-1674-3884-8e2c-0867b6ef36e4,NORTHEASTERN RURAL HEALTH CLINICS,209 BIRCH STREET,WESTWOOD,CA,96137,40.3009736122449,-121.00201971428571,5302563152,0.0,35
85f4f85d-e3e2-3765-a6a9-d0980b160664,CONTRA COSTA REGIONAL MEDICAL CENTER,2500 ALHAMBRA AVENUE,MARTINEZ,CA,945533156,38.0066652,-122.13250717569375,9253705000,0.0,15
3b6fddb9-2740-314f-a080-fa2c43a7bea7,COMMUNITY MEDICAL CENTERS  E MARCH LANE,1801 E MARCH LANE  SUITE D-470,STOCKTON,CA,952106677,38.00265360535117,-121.28866612040134,2095077000,0.0,17
776bce57-6e00-3f13-8c7c-0b182e4a2570,WILLOW PASS HEALTHCARE CENTER,3318 WILLOW PASS ROAD,CONCORD,CA,945192316,37.98244384125822,-122.01719987096313,9256899222,0.0,41
7e7e0fc8-afbb-38c5-9c4e-e5a15f8f7828,SUTTER BAY HOSPITALS,2333 BUCHANAN STREET,SAN FRANCISCO,CA,941152328,37.79050015,-122.43230860491363,4156007180,0.0,37
05b6ab2a-0893-31bb-ad07-cac2ac91a591,CLASSIC URGENT CARE A MEDICAL CORPORATION,622 ACADEMY AVE,SANGER,CA,936572423,36.70749733300439,-119.55604029092957,5593998940,0.0,27
ea6dda29-6b69-3f98-b32b-64f0448a3fe5,PRIMARY CARE ASSOCIATES OF THE REDWOOD EMPIRE MEDICAL GROUP  INC.,500 DOYLE PARK DR,PETALUMA,CA,949546655,38.2325829,-122.636465,7075451300,0.0,56
45ef3488-ab59-36bf-af04-ac7f66f0b298,BROADWAY BY THE SEA,2725 E. BROADWAY,LONG BEACH,CA,908035431,33.765787260869566,-118.15999773913043,5624344494,0.0,7
5b687010-3395-308e-9cea-91913ec9cccd,UCSD MEDICAL CENTER,200 WEST ARBOR DRIVE,SAN DIEGO,CA,921039000,32.75531155,-117.16552466018484,6195436308,0.0,38
a2dda7e6-0225-3bd0-8b6b-d47434724116,East Los Angeles Vet Center,5400 E. Olympic Blvd. Suite 140,Commerce,CA,90022,34.015686,-118.1557,323-728-9966 Or 323-728-9966,0.0,454
8c1691cf-ac9e-397b-8b77-0cb38355c041,CALIF HOSP MED CTR L.A. DP SNF,1401 SOUTH GRAND AVE,LOS ANGELES,CA,900153070,34.03796115,-118.26580169987598,2137425606,0.0,50
05fed6cc-7a8e-3653-a431-b0aed176e90c,SUNDARAM FAMILY MEDICAL CLINIC INC.,3001 E FLORENCE AVE,LOS ANGELES,CA,900373038,33.973244,-118.215206,3235890927,0.0,51
1784a39d-9db8-305b-a70d-3ef588771a76,TELEMEDICINE URGENT CARE INC,5888 EDINGER AVE,HUNTINGTON BEACH,CA,926491705,33.72984613552585,-118.0260489767774,7147162900,0.0,6
17bb4cdd-014e-3312-91fe-be3f22d47dd6,SOUTHLAND FAMILY URGENT CARE INC,27660 SANTA MARGARITA PKWY,MISSION VIEJO,CA,926916674,33.65330241792983,-117.64728430947883,9499517111,0.0,3
3aa1217b-9b83-30b9-9693-e715579fb619,CARMEL VALLEY FAMILY PRACTICE,1349 CAMINO DEL MAR,DEL MAR,CA,920142553,32.958476,-117.264597,8587550084,0.0,77
98e95dcf-b188-3620-a184-8fe703dbc82b,BORREGO COMMUNITY HEALTH FOUNDATION,1971 UNIVERSITY AVE,RIVERSIDE,CA,925075263,33.975735,-117.354227,9512133450,0.0,28
e6933be1-0433-339f-b970-2b2d757244b6,Rancho Cucamonga,8599 Haven Ave.  Suite 102,Rancho Cucamonga,CA,91730,34.095577,-117.57578,909-946-5348,0.0,163
15666fe3-fd9d-374d-9d11-ab5081718aab,YEHOWA MEDICAL SERVICES,1039 W FLORENCE AVE,LOS ANGELES,CA,900442441,33.97469745454545,-118.29249681818182,3237761500,0.0,66
67101bdb-0f06-3f13-a5a0-2644855bafd2,MOGO URGENT CARE,2020 DEL MONTE AVENUE SUITE B,MONTEREY,CA,939402401,36.5999545,-121.8851049,8316254518,0.0,2
9a3cf483-b0da-37c5-bee7-244896c91310,BAYSIDE URGENT CARE AND FAMILY MEDICAL CLINIC PC,39 BIRCH ST STE A,REDWOOD CITY,CA,940621483,37.48862905,-122.24037725,6503682888,0.0,10
79d0d18b-d907-334f-b400-8e77f4a3b28c,ADVANCE URGENT MEDICAL GROUP INC,1401 W 1ST ST,SANTA ANA,CA,927033757,33.74572395,-117.88713665,7145429700,0.0,11
864f7b26-cbea-3254-a742-b779120264db,COMMUNITY MEDICAL CENTERS  INC.,600 NUT TREE RD,VACAVILLE,CA,956874686,38.36138106136888,-121.9495832763696,7073591800,0.0,32
03505e2c-5bf5-3c82-ac41-74868b4b0fe3,GARDEN GROVE POST ACUTE,12882 SHACKELFORD LANE,GARDEN GROVE,CA,928415109,33.775642,-117.9715996945946,7146389470,0.0,1
ed5b6aa0-0c7f-3c00-b266-72934ac847f7,ENLOE MEDICAL CENTER,1390 E LASSEN AVE,CHICO,CA,959737823,39.7730893287253,-121.83898216305452,5303326337,0.0,3
da17a861-ece9-35f8-b88e-3d6d7b31a839,LOS ANGELES CHRISTIAN HEALTH CENTERS,1625 E 4TH STREET,LOS ANGELES,CA,900334201,34.04303248780487,-118.22196148780489,3232688391,0.0,62
f32f574c-4b06-39bf-91b2-a25d4c07fb53,PALO ALTO SUB-ACUTE AND REHABILITATION CENTER,911 BRYANT STREET,PALO ALTO,CA,943012711,37.44280325,-122.1561216860666,6503270511,0.0,6
8737c34d-b0ac-3b3b-9cee-f56a29e496d4,UC DAVIS HOSPICE PROGRAM,3630 BUSINESS DRIVE,SACRAMENTO,CA,958202163,38.54162796619488,-121.41935982898904,9167342458,0.0,5
c5728870-bb20-35bd-8e69-6d94c17c2e29,SUTTER BAY HOSPITALS,2001 DWIGHT WAY,BERKELEY,CA,947042608,37.86306425,-122.27091380518019,5102044444,0.0,84
4a2ef437-88f5-3351-86c7-2b12831892c7,AUBURN FAMILY OPTOMETRY  INC.,3133 PROFESSIONAL DR,AUBURN,CA,956032463,38.8945939,-121.0739897,5308880670,0.0,29
b6f91529-9b2b-3d2c-be75-d06d3be36a15,SURGICAL SPECIALTIES OF ARROYO GRANDE INC,860 OAK PARK BLVD,ARROYO GRANDE,CA,934201800,35.132906750000004,-120.60528099036736,8054746383,0.0,524
23bcc3b4-b87b-3c08-9cdf-e06866b59ab2,SUTTER VISITING NURSE ASSOCIATION AND HOSPICE,110 STONY POINT ROAD  SUITE 200C,SANTA ROSA,CA,954014118,38.4415113,-122.7461223,7075425045,0.0,2
d165f18e-f02d-3be0-909d-17681fdb6dca,SENIOR PRO SERVICES  LLC,14798 WICKS BLVD.,SAN LEANDRO,CA,945776718,37.69354512311631,-122.16343332132058,5103572222,0.0,14
5002025c-e9c5-3002-89ef-335d71179562,KAISER FOUNDATION HOSPITAL  RIVERSIDE,10800 MAGNOLIA AVENUE,RIVERSIDE,CA,925053043,33.9049907,-117.46926419076487,9513532000,0.0,62
f875a290-b6dc-3241-8413-0c329c5ada7f,OCEAN MEDICAL FAMILY AND URGENT CARE MEDICAL CORPORATION INC,1106 S PACIFIC COAST HWY,REDONDO BEACH,CA,902774902,33.8192973,-118.3848843,3103161661,0.0,2
8e86879d-cfe3-31da-9f25-3cc25791466b,UNITED FAMILY PHYSICIANS INC,210 S GRAND AVE,GLENDORA,CA,917414292,34.13394225354903,-117.87242913540916,6263353627,0.0,70
9bfc9419-64a2-3daf-8287-5c14bb792068,GLENDALE ADVENTIST MEDICAL CENTER,1509 E WILSON TERRACE,GLENDALE,CA,912064007,34.1469416,-118.2478471,8184098202,0.0,60
889a7240-ae36-38f1-abc7-03dd0b3dd63e,TRACY URGENT CARE INC,2160 W GRANT LINE RD,TRACY,CA,953777334,37.7537296,-121.45602757547371,2098328700,0.0,1
978778ad-9e5f-3890-8bcb-570d972f2d96,ARETE FAMILY MEDICINE INC,5807 TEMPLE CITY BLVD,TEMPLE CITY,CA,917802113,34.10510234693877,-118.0606801632653,6268720082,0.0,81
499d5b6e-ebcb-3c89-aec7-1484a6427c68,LAKE FOREST NURSING CENTER,25652 OLD TRABUCO ROAD,LAKE FOREST,CA,926302776,33.6451314,-117.68261089841164,9493809380,0.0,12
afe1ffd6-1d59-3031-b8ff-4c02a0283733,NORCAL HOSPICE INC,16925 S HARLAN RD STE 303,LATHROP,CA,953308780,37.80848556283382,-121.29629313266203,9255251651,0.0,1
326dc80e-80e1-386d-af84-00734b98e965,YORK HEALTHCARE & WELLNESS CENTRE,6071 YORK BLVD.,LOS ANGELES,CA,900423503,34.1178846,-118.1867778,3232543407,0.0,2
32f36021-166f-3971-9be6-2f4e4daea0c3,FLETCHER COVE HOLDINGS LLC,1355 CLAYTON RD,SAN JOSE,CA,951274307,37.35640215,-121.80709202705555,8587985700,0.0,1
b453092e-ef1a-3404-82cc-e4d90dc6902e,ORANGE HEALTHCARE & WELLNESS CENTRE  LLC,920 WEST LA VETA STREET,ORANGE,CA,928684302,33.7500378,-117.8704931,7146333568,0.0,1
f45dec7d-a901-3009-9559-7522611a62d9,KAWEAH DELTA HEALTH CARE DISTRICT,1100 S AKERS ST,VISALIA,CA,932778311,36.321170982311315,-119.34952402463105,5596242000,0.0,775
f74bc2ca-3d8e-35ca-be79-fb667859d6f6,CARE UNLIMITED HEALTH SERVICES  INC,1025 WEST ARROW HIGHWAY SUITE 105,GLENDORA,CA,917405407,34.1361187,-117.865339,6263323767,0.0,7
df41ddd8-973b-382f-b0bc-69306c416577,CITYMED URGENT CARE,1313 TRAVIS BLVD,FAIRFIELD,CA,945334621,38.25829075,-122.05036175,9172077266,0.0,15
a414253c-c45a-38b2-be75-75de626d75c5,HALOS PALLIATIVE AND HOSPICE CARE,2301 W LINCOLN AVE STE 248,ANAHEIM,CA,928015148,33.832473,-117.966169,7146037653,0.0,2
f20476fb-8c2a-3e66-8ce8-b0af5ac5aaa8,TARZANA TREATMENT CENTERS INC,320 E PALMDALE BLVD,PALMDALE,CA,935504598,34.579774734981505,-118.12433623386336,8189961051,0.0,33
208b0104-94d4-31a6-a7e9-b87ce9c50caa,SAMUEL DIXON FAMILY HEALTH CENTER  INC.,30257 SAN MARTINEZ RD,VAL VERDE,CA,913842472,34.44731830014004,-118.66380643981067,6612574008,0.0,31
76f5af6e-1e39-3711-be65-0423cc7083b8,WELLSPACE HEALTH NORTH HIGHLANDS COMMUNITY HTH CTR,6015 WATT AVENUE  SUITE 2 & 3,NORTH HIGHLANDS,CA,956604294,38.6710975,-121.38795381804641,9166793925,0.0,5
d1602eac-6f74-3b1d-8b2b-fad6b24bda7e,WALNUT CREEK URGENT CARE,112 LA CASA VIA STE 135,WALNUT CREEK,CA,94598,37.912818715658986,-122.04327369280529,9259308200,0.0,196
2552421c-2189-3703-83e3-3fcb4668820d,WINDSOR HEALTHCARE CENTER OF OAKLAND,2919 FRUITVALE AVE,OAKLAND,CA,946022108,37.79370135,-122.21958315008712,5102618564,0.0,1
0e84d730-b13b-37a0-af5f-d71fa0f56e3f,KINDRED HOSPITAL RANCHO,10841 WHITE OAK AVENUE,RANCHO CUCAMONGA,CA,917303811,34.1036866,-117.566315,9095816400,0.0,58
f73b6397-0389-36f6-9e85-2100d868e6bb,MISSION AREA HEALTH ASSOCIATES,4434 MISSION ST,SAN FRANCISCO,CA,941121927,37.726859950000005,-122.43352893788571,4154061353,0.0,87
ab3a16a1-7653-30cb-8f65-8381b487fe16,VA Northern California Health Care System,10535 Hospital Way,Mather,CA,95655,38.571793,-121.297386,800-382-8387 Or 916-843-7000,0.0,34
dda581ef-6419-3f07-aad0-ffa2625a06d1,DESERT SPRINGS HEALTHCARE & WELLNESS CENTRE,82-262 VALENCIA AVENUE,INDIO,CA,922013120,33.724429,-116.2291246,7603476000,0.0,3
06b07d66-bcf6-3a5e-9c45-5f8fc266110b,HOLLENBECK PALMS,573 S BOYLE AVE,LOS ANGELES,CA,900333816,34.0400525,-118.2204042,3232636195,0.0,1
ca731e53-3c75-3ba6-96d8-fbf415f1a1b5,KAISER FOUNDATION HOSPITAL - VACAVILLE,1 QUALITY DRIVE,VACAVILLE,CA,956889494,38.3565773,-121.9877444,7076244000,0.0,1
a8dbb168-23aa-3658-9d1c-53bce3616a60,CARING LIKE FAMILY HOSPICE,4223 GLENCOE AVE  SUITE B - 109,MARINA DEL REY,CA,902925669,33.9776848,-118.4486479,3105745950,0.0,10
21b0ba4c-b153-365d-aa44-e681168f37d3,GRANT CUESTA SUB-ACUTE AND REHABILITATION CENTER,1949 GRANT ROAD,MOUNTAIN VIEW,CA,940403217,37.373858549999994,-122.07711999315767,6509682990,0.0,3
5f6f3031-9fa3-35bc-b6c6-9df3650a89a9,LIFELONG MEDICAL CARE,3260 SACRAMENTO ST,BERKELEY,CA,947022739,37.84846251470588,-122.27772117647059,5104284500,0.0,39
50e70e88-7b4b-3d80-801f-d439a8c76f3b,McClellan Outpatient Clinic - Sacramento,5342 Dudley Blvd.,McClellan,CA,95652,38.6679,-121.4032,916-561-7400 Or 916-561-7400,0.0,88
b28ca661-e9b5-3994-9434-a5456e3a1ccc,Sacramento Mental Health Clinic at Mather,10535 Hospital Way,Mather,CA,95655,38.571793,-121.297386,916-366-5420 Or 916-366-5420,0.0,153
478f079e-b56b-3cdc-af3a-7c098c0eb537,SAN FRANCISCO POST ACUTE,5767 MISSION STREET,SAN FRANCISCO,CA,941124208,37.7095066,-122.4494776322394,4155843294,0.0,15
528d1d05-4614-3822-bfc0-1a414b0e01aa,BRAIN WELLNESS CENTER PC,5401 NORRIS CANYON RD STE 304,SAN RAMON,CA,945835408,37.7754299,-121.9629301,9258371100,0.0,52
6060a403-cd1c-3a26-9d74-ba2b951c7a58,CALIFORNIA URGENT CARE CENTER PROFESSIONAL CORPORATION,8001 LORRAINE AVE,STOCKTON,CA,952104202,38.022416,-121.282627,2094727400,0.0,4
cea0b1a6-22b5-3d79-899a-b42abfc64e1c,VALLEY HEALTHCARE CENTERS,369 N CHURCH RD,EARLIMART,CA,93219,35.88582372260165,-119.26822994563204,5597813700,0.0,126
aca6fdd5-2000-301c-84d5-8e874f08868a,TERRACINA POST ACUTE,1618 LAUREL AVENUE,REDLANDS,CA,923734866,34.0389366,-117.20360963593834,9097926050,0.0,3
0e852a87-74ca-34b6-bc5e-20ccb48fecb5,CARMEL MOUNTAIN REHABILITATION & HEALTHCARE CENTER,11895 AVENUE OF INDUSTRY,SAN DIEGO,CA,921283423,32.990734,-117.073975,8586730101,0.0,6
afc874e1-8e2e-3721-9d36-9b06877bc419,COMMUNITY HEALTH CENTERS  SANTA MARIA,2801 SANTA MARIA WAY,SANTA MARIA,CA,934552118,34.9079895,-120.4329066632653,8059345400,0.0,62
e05a1ff6-7b29-3e8d-8de2-43bc9c955e38,MOBILE ONE URGENT CARE PHYSICIAN ASSISTANT OWNED APC,3904 RAINIER DR,REDDING,CA,960015914,40.566096200000004,-122.42381232859333,7024533799,0.0,17
b2eb48fc-1381-3646-a2a9-872e6caa727f,PALM TERRACE CARE CENTER,11162 PALM TERRACE LANE,RIVERSIDE,CA,925052338,33.9349929,-117.4985489,9516877330,0.0,5
c702b7ba-710a-3935-8f88-c41790a99781,MEDCOVE URGENT CARE APC,20540 E ARROW HWY SUITE C,COVINA,CA,917241200,34.106234,-117.8725551,6269140174,0.0,89
e7674f83-b228-33a7-a3aa-a214458ebb96,LASER AND EYE MEDICAL CENTERS A PROFESSIONAL CORPORATION,1 SCRIPPS DR STE 303,SACRAMENTO,CA,958256206,38.573127,-121.412139,9166412020,0.0,28
bd3e9d80-2fd2-3c74-8745-c9ec149a40fe,SUTTER VALLEY HOSPITALS,7700 FOLSOM BLVD,SACRAMENTO,CA,958262608,38.55074886790745,-121.41492814747949,8003533369,0.0,16
e406c732-a3cc-3514-9b28-ebf2875ee32d,ADVANCED MEDICAL AND URGENT CARE CENTER,974 W FOOTHILL BLVD,UPLAND,CA,917863728,34.10689262233365,-117.66417122373485,9099812273,0.0,1
436ae3c5-32c4-3e9c-9eee-046bd218dd51,URGENT CARE TRAVEL INC,10650 SIERRA AVE STE B,FONTANA,CA,923377664,34.06044112342205,-117.43565746913535,3104713753,0.0,3
68312bbb-e6e3-32c9-ba90-db99ad67d0a8,LA JOLLA NURSING AND REHABILITATION CENTER,2552 TORREY PINES RD,LA JOLLA,CA,920373432,32.851797,-117.248493,8584535810,0.0,91
f732858f-0e99-36f0-8acd-7a007052f83c,CORINTHIAN HOSPICE  INC,133 N ALTADENA DRIVE SUITE 306,PASADENA,CA,911077325,34.14863934693877,-118.09871842857143,6269264251,0.0,4
361109be-a51e-336a-a95f-2463a2dc0509,WILL FAMILY MEDICAL GROUP,42575 WASHINGTON ST,PALM DESERT,CA,922118850,33.73979704007782,-116.30395574202335,7603600333,0.0,97
516b9fec-8c46-3bef-a20d-c9b722384873,ANAHEIM HILLS FAMILY OPTOMETRY INC,6200 E CANYON RIM RD,ANAHEIM,CA,928074317,33.84317605,-117.77519020723125,7149982020,0.0,34
f666b273-708b-3dd6-992f-b56a0bcadbfb,WELLSPACE HEALTH,2433 MARCONI AVE,SACRAMENTO,CA,958214807,38.61809810204082,-121.40521910204082,9163138455,0.0,28
31d0fc0a-ae47-33a8-92ad-a3db2a002036,KINDRED AT HOME,5341 OLD REDWOOD HWY  SUITE 350,PETALUMA,CA,949547127,38.2325829,-122.636465,7075457114,0.0,14
b298af33-e822-3223-84e1-a9073d32df4b,SOUTH COUNTY COMMUNITY HEALTH CENTER INC,270 GRANT AVE,PALO ALTO,CA,943061911,37.42699125,-122.14230969683103,6503278717,0.0,43
daec0663-898f-3f8a-b7ad-ca346bc803c1,SANTA ROSA POSTACUTE CARE LLC,446 ARROWOOD DR,SANTA ROSA,CA,954077503,38.4213184,-122.7186518,7075282100,0.0,3
55920a1e-ee67-3db6-a327-f2a99b8a14b0,LA PALMA INTERCOMMUNITY HOSPITAL,7901 WALKER STREET,LA PALMA,CA,906231722,33.84711755,-118.03883544826569,7146707400,0.0,19
9c7621f9-0587-3d35-a219-031a0e0b7589,SUTTER SOLANO MEDICAL CENTER,300 HOSPITAL DR,VALLEJO,CA,945892580,38.13114005,-122.23840108472527,7075545280,0.0,313
5b1ce74b-3bc0-38d5-aabe-cf4d19cf5d9e,WEST COAST SURGERY  INC,36915 COOK STREET,PALM DESERT,CA,922116067,33.78084357812101,-116.3558425625001,7603401003,0.0,237
46a8178b-63f1-32f3-93e4-ebae6158b2d3,ALTAMED HEALTH SERVICES CORP,972 GOODRICH BOULEVARD,COMMERCE,CA,900224114,34.0114236,-118.1583934,3236222449,0.0,30
8c420689-d466-3fd1-804f-e3374d2df0e0,THE GROVE CARE AND WELLNESS,3401 LEMON STREET,RIVERSIDE,CA,925012861,33.984707,-117.369663,9516868202,0.0,4
a50ae386-5349-3525-aba1-54cb57409deb,NORCAL URGENT CARE INC,1040 N MAIN ST,MANTECA,CA,95336,37.81119390346288,-121.21695531367918,2098255155,0.0,3
05db84cf-70a7-3f4a-ac94-139ed4e2a9c5,COUNTY OF SAN JOAQUIN,500 W. HOSPITAL RD.,FRENCH CAMP,CA,952319693,37.886327,-121.28297548125127,2094686937,0.0,95
f585e277-ddf4-3dd4-83e6-e68d57e15c26,OXNARD HOME HEALTH CARE INC,3539 OCEAN VIEW BLVD STE 1,LA CRESCENTA,CA,912142784,34.230429,-118.2350733,7472551505,0.0,5
6b6bd539-6f9c-348e-9d0a-ea30e2d7782f,GOLDEN VALLEY HEALTH CENTER,302 NORTHGATE DR,MANTECA,CA,953363139,37.81899583673469,-121.2206893877551,2092395299,0.0,72
6b5f2d2f-22d6-3477-be6b-80522a5aca64,BORREGO COMMUNITY HEALTH FOUNDATION,11750 CHOLLA DR,DESERT HOT SPRINGS,CA,922403064,33.9659895,-116.5146742,7602510044,0.0,33
8b12e9ba-132c-34f9-8f74-ccb1a0dcb797,TEMPLE CITY HEALTHCARE,5101 TYLER AVENUE,TEMPLE CITY,CA,917803682,34.1082994,-118.0577568,6264433028,0.0,2
be1124de-2947-3f52-851e-1dd1ff3864d1,SAN YSIDRO HEALTH SAN YSIDRO HEALTH CENTER,4004 BEYER BLVD,SAN YSIDRO,CA,921732007,32.55866135,-117.0474452931753,6194284463,0.0,2
3aea5c7f-364b-3e6e-bae1-58f40cec50da,AMPL MANAGEMENT  INC.,18025 SKY PARK CIR,COMMERCE,CA,900404032,34.002581,-118.156586,9498704899,0.0,1
dfca52eb-c9b1-3437-b70e-88af91997b15,MANORCARE HEALTH SERVICES-PALM DESERT,74-350 COUNTRY CLUB DRIVE,PALM DESERT,CA,922601608,33.7288179,-116.382571,7603410261,0.0,5
01251470-2639-3cf4-9941-befe7d12c26d,VA Long Beach Healthcare System,5901 E. 7th Street,Long Beach,CA,90822,33.775333,-118.11876,562-826-8000 Or 562-826-8000,0.0,148
969a72a3-41ac-3686-9e1a-b9dc457eaa21,HERA HEALTH CARE,3180 WILLOW LN,WESTLAKE VILLAGE,CA,913612822,34.1460234,-118.8061794,8053799110,0.0,44
5ee69c96-b509-34f5-af32-88c37c660c63,EAST WEST URGENT CARE,38345 30TH ST E STE B1A,PALMDALE,CA,935506508,34.57935461138249,-118.07629229038446,6613103388,0.0,2
dea5bbb6-fb34-3e44-beae-1b7d0d9d98c5,GHC OF CONTRA COSTA LLC,1800 ADOBE ST,CONCORD,CA,945202313,37.976841,-122.038145,9258251300,0.0,2
bcb1f8a6-2e29-39cf-bc50-44fb8dee780b,OAKVIEW SKILLED NURSING,3557 CAMPUS DR,THOUSAND OAKS,CA,913602744,34.2322017,-118.8829326,8052412000,0.0,16
2485d377-8bdb-36da-b841-94b90a1bd544,EXTENDED CARE HOSPITAL OF RIVERSIDE,8171 MAGNOLIA AVENUE,RIVERSIDE,CA,925043409,33.9348581,-117.4221376,9516873842,0.0,5
515e17dd-be5c-315b-b35e-9301691beb84,THE SPRINGS AT THE CARLOTTA,41-505 CARLOTTA DRIVE,PALM DESERT,CA,922113279,33.7462849,-116.3442755,7603465420,0.0,14
b37d0f8d-b3eb-3f21-a3b8-540e8240a98a,PREMIER SURGERY CENTER,2222 EAST ST,CONCORD,CA,945202065,37.98112449326816,-122.03274641150558,9256915000,0.0,104
3b18d06c-91bd-3fd7-bcf7-cb5aa91eebdd,Santa Rosa VA Outpatient Clinic,3841 Brickway Blvd,Santa Rosa,CA,95403,38.51461,-122.79337,707-569-2300,0.0,100
217df740-9975-318b-a9bc-e15435bf923e,LUCILE SALTER PACKARD CHILDREN'S HSP AT STANFORD,725 WELCH ROAD,STANFORD,CA,943052200,37.436156749999995,-122.1752510159896,6504978000,0.0,111
00fe8687-01fe-3af5-b99b-43ca8e58b99f,FRESNO COMMUNITY HOSPITAL AND MEDICAL CENTER,2823 FRESNO ST,FRESNO,CA,937211324,36.7433526,-119.78408779817215,5594592222,0.0,280
60cc4950-262a-3b78-bc57-c2dec0486692,NU IMAGE NOW WELLNESS CENTER,2275 REDONDO AVE,SIGNAL HILL,CA,907551219,33.7900143,-118.1518259,5629387665,0.0,50
81ee1d84-26e8-3279-8f8f-95325a41923a,STANLEY HEALTHCARE CENTER,14102 SPRINGDALE STREET,WESTMINSTER,CA,926833538,33.75752162133459,-118.02450425037411,7148930026,0.0,11
727d7161-d7f9-39fa-b09e-c69179f08c17,TWEEDY URGENT CARE INC. APC,2809 TWEEDY BLVD,SOUTH GATE,CA,902802938,33.94599635789869,-118.2212472969643,3235679919,0.0,15
efdae2b3-f863-35e4-b27c-7710d911ffb5,LA CLINICA OAKLEY,2021 MAIN STREET,OAKLEY,CA,945613302,38.00294073917939,-121.73248092019529,9257768200,0.0,5
ad019cd1-4cd5-3231-87aa-b217398c984e,PROVIDENCE LITTLE COMPANY OF MARY MED CTR TORRANCE,4101 TORRANCE BLVD,TORRANCE,CA,905034615,33.83880825,-118.35718500621408,3105407676,0.0,200
f1452fa0-fa4c-34c1-a6fc-efe34869500d,REDLANDS FAMILY PRACTICE MEDICAL GROUP INC,1520 BARTON RD,REDLANDS,CA,923735467,34.047329,-117.2065085,9097933208,0.0,29
119adffb-c63d-354d-b81b-2be79f3e9c2d,SPRING LAKE VILLAGE,5555 MONTGOMERY DRIVE,SANTA ROSA,CA,954098846,38.4579495,-122.6450442,7075388400,0.0,3
f566ddd3-54bf-383d-b71d-319aef5cde51,VITUITY - URGENT CARE SERVICES PC,23962 ALICIA PKWY STE I-1,SAN FRANCISCO,CA,941102217,37.7790262,-122.419906,9494527699,0.0,19
cac6e9bd-7f3b-328e-b2fb-c3c43c538117,PROVIDENCE SAINT JOSEPH MEDICAL CTR,501 SOUTH BUENA VISTA STREET,BURBANK,CA,915054809,34.15594575,-118.32832890181228,8188435111,0.0,9
0ae316a6-a38f-34be-b66f-39974a4be027,LAUREL WELLNESS AND NURSING CENTER LLC,7509 LAUREL AVE,FONTANA,CA,923362315,34.11719327275866,-117.413975,9098228066,0.0,2
f4c1d417-ac17-3ebe-a509-7f4f7d055de5,HOPE HOSPICE & HEALTHCARE  INC,29826 HAUN ROAD  SUITE 108,SUN CITY,CA,925866547,33.68738592385508,-117.17473828992225,9516798872,0.0,21
5b9f2bd3-1b58-30af-82b4-bb4ddd0de1e5,MANTECA URGENT CARE  INC,241 W YOSEMITE AVE,MANTECA,CA,953365603,37.7973164,-121.2547185,2092390320,0.0,20
486a41b1-9538-32f0-b04f-aedb62ccfe1d,ALLIANCE HOME HEALTH & HOSPICE LLC,6717 MISSION ST,DALY CITY,CA,940142070,37.701423,-122.463205,6504384396,0.0,1
47f0ffa5-d10d-3d7d-aa98-f68803cca974,COMMUNITY HOSPITAL OF HUNTINGTON PARK,2623 E SLAUSON AVE,HUNTINGTON PARK,CA,902552926,33.98971405,-118.2238792,3235831931,0.0,621
bde37102-3fb5-3f24-8fd0-28ca158514fd,HEARTLAND HOSPICE SERVICES,2511 GARDEN ROAD  SUITE A-250,MONTEREY,CA,939405331,36.58622209637583,-121.85346696997881,8313738442,0.0,10
a51d4989-a36f-3d0a-a4ec-9ec8d8d66536,PATHWAYS HOME HEALTH AND HOSPICE,333 HEGENBERGER RD,OAKLAND,CA,946211420,37.73572385,-122.19841700888554,5106324390,0.0,2
c2c4173b-0f77-307a-a36d-caa39ba487ef,ST JUDE CARE CENTER,469 EAST NORTH STREET,MANTECA,CA,953364710,37.801092,-121.211838,2098231788,0.0,1
8ed2dadf-e24a-3e3c-a5d5-a3c6b4d3c97d,TRIUMPH HEALTHCARE LLC,26126 OROVILLE PLACE,LAKE FOREST,CA,926304849,33.6469261,-117.6859213,9494469906,0.0,85
fc979596-cbc6-391c-a257-e21f39107064,UC DAVIS HOME CARE SERVICES,3630 BUSINESS DRIVE  SUITE G,SACRAMENTO,CA,958202163,38.54162796619488,-121.41935982898904,9167342458,0.0,1
992adff2-7f03-33fe-a4bd-fe9d988a79a9,CADENCE HOSPICE,500 S MAIN ST SUITE 500,ORANGE,CA,928684536,33.741457,-117.867779,7143674084,0.0,6
d41a152e-7f2a-3bee-a973-91e9501d0b96,LIFE CARE CENTER OF MENIFEE,27600 ENCANTO DRIVE,MENIFEE,CA,925863304,33.72009945,-117.18785374150903,9516796858,0.0,2
862e5b50-8f87-3a02-aa78-a3e70c6ba2b4,EDEN HOME HEALTH,9299 E STOCKTON BLVD  SUITE 10,ELK GROVE,CA,956244097,38.41989605766287,-121.39093683908523,9166814949,0.0,8
eb9a9ce6-bb58-3c57-9448-20094bfb73f9,KAISER FOUNDATION HOSPITAL - ANTIOCH,4501 SAND CREEK ROAD,ANTIOCH,CA,945318687,37.9517058,-121.77486765161083,9258136500,0.0,22
c3304efe-1cfa-3d9b-83b0-49b46a320de4,PALMDALE REGIONAL MEDICAL CENTER,38600 MEDICAL CENTER DRIVE,PALMDALE,CA,935514483,34.583193800000004,-118.14462512448063,6613825000,0.0,6
6a03cbb6-2302-360f-bdfa-0bef89e13fb1,INHOME HEALTHCARE SERVICES,5105 E DAKOTA AVE,HANFORD,CA,932304586,36.3274502,-119.6456844,5592480131,0.0,33
95253e31-e122-3db5-b9aa-5b48e44122eb,CENTRO DE SALUD DE LA COMUNIDAD DE SAN YSIDRO INC,4050 BEYER BLVD,SAN YSIDRO,CA,921732007,32.55879935,-117.04686089985663,6196624100,0.0,29
a047f9ee-78aa-3ed0-89c1-c3076d0c5eb3,SUTTER SANTA ROSA REGIONAL HOSPITAL,30 MARK WEST SPRINGS ROAD,SANTA ROSA,CA,954057862,38.494594,-122.75190236949636,7075764000,0.0,25
d52a64bd-b0ac-34f3-a6d9-1d9fd7943332,COMPREHENSIVE COMMUNITY HEALTH CENTERS INC,8316 FOOTHILL BLVD,SUNLAND,CA,910402850,34.25960225,-118.31418908333333,8186306106,0.0,31
67361aa5-4205-3bf5-b278-d3b193b00198,STRATEGIC WELLNESS INC,2300 CALIFORNIA ST STE 306,SAN FRANCISCO,CA,941152754,37.789445900000004,-122.43244528332573,4152021550,0.0,36
47b78a28-7bda-369b-b985-5ce0d0da3ece,CARE PLUS HOME HEALTH INC,3857 FOOTHILL BLVD STE 20,LA CRESCENTA,CA,912141670,34.2293147,-118.2482781,8183309802,0.0,4
e6a7df01-3328-325d-9771-06341c0f9edc,SOUTH COUNTY COMMUNITY HEALTH CENTER INC,900 MIRAMONTE AVE FL 2,MOUNTAIN VIEW,CA,940402457,37.3893889,-122.0832101,6509653323,0.0,133
5c886b0e-0459-3835-966a-46f0cb5c5714,MUIR FAMILY PHYSICIANS MEDICAL GROUP  INC.,3291 WALNUT BLVD,BRENTWOOD,CA,945134412,37.921766591836736,-121.69636859183674,9255139495,0.0,29
74f6f04a-a666-3d44-af02-78c6ffa8f8de,HOWELL HEALTHCARE MP INC,35 W LOS ANGELES AVE,MOORPARK,CA,930211820,34.27878659125944,-118.88258380622624,8055295370,0.0,63
a5545312-5afd-353e-a8db-6f0502fd6d4d,COMMUNITY HEALTH CENTERS  SAN LUIS OBISPO,1551 BISHOP ST,SAN LUIS OBISPO,CA,934014635,35.2740881981982,-120.64641892792793,8052691350,0.0,29
75d5fb60-4c0e-3f2d-8b97-88f697d192a0,SEBASTOPOL URGENT CARE,555 PETALUMA AVE STE B,SEBASTOPOL,CA,954724224,38.39766118365533,-122.82065452594317,7072399257,0.0,208
b8db8341-225a-3990-9d88-dd2c30feb2ad,VALLEY VIEW WELLNESS MEDICAL CENTER INC,12556 VALLEY VIEW ST,GARDEN GROVE,CA,928452006,33.7805160867637,-118.03074856043754,7148979355,0.0,28
6b41874a-5f4f-39c5-8c56-a89220d9089e,SCRIPPS MEMORIAL HOSPITAL LA JOLLA,9888 GENESEE AVENUE,LA JOLLA,CA,920371205,32.88436395,-117.22493980169492,8586264123,0.0,426
02798a1b-28a3-32d8-9d89-b73f129b9953,USC VERDUGO HILLS HOSPITAL,1812 VERDUGO BLVD,GLENDALE,CA,912081479,34.2045076,-118.21622331598934,8187907100,0.0,31
a29b4244-bc30-3730-bafc-e7f7f3570479,NATIONAL HOSPICE AND PALLIATIVE CARE,302 CHERRY LANE  SUITE 107 & 108,MANTECA,CA,953363741,37.80140413043478,-121.23090665217391,9252078101,0.0,22
15f43646-00b4-3ad0-ad65-62d4d4737cb9,PASADENA HOSPITAL ASSOCIATION  LTD.,100 W CALIFORNIA BLVD,PASADENA,CA,911053010,34.133226050000005,-118.15224362882289,6263975555,0.0,228
32a32f6f-bc9d-3345-ac80-6c5660b390de,THE REFINERY INTEGRATED WELLNESS SERVICES MARRIAGE AND FAMILY THERA,45445 PORTOLA AVE STE 1,PALM DESERT,CA,922604844,33.71844191827792,-116.37385068531393,7603853959,0.0,30
b4895471-0923-38d4-9210-c496de14de97,THE LOS ANGELES FREE CLINIC,6636 SELMA AVE,LOS ANGELES,CA,900287115,34.09964137465314,-118.33425787249156,3236531990,0.0,50
352a9d9f-712e-3794-bf92-19e13bc4ca2d,McClellan Dental Clinic - Sacramento,5401 Arnold Avenue,McClellan,CA,95652,38.6679,-121.4032,916-333-5500,0.0,98
63544bc9-dc03-3e12-b4ff-bd6d766b2e76,KERN URGENT CARE,5401 WHITE LN,BAKERSFIELD,CA,933096279,35.318046375838925,-119.06259092617451,6613967100,0.0,1
cd65b478-bc14-3300-920b-68be905cc501,RABO HEALTH AND WELLNESS,490 SYCAMORE STREET,CHICO,CA,95926,39.72949,-121.8250952,5308466262,0.0,87
9bc40d63-5f26-300c-815a-1b5129e42920,PRIMARY CARE NURSES 2000 FAMILY PRACTICE PROFESSIONAL CORPORATION,1860 LANDMARK DR,VALLEJO,CA,945913852,38.150437101752864,-122.17456153280366,7075544704,0.0,39
f5254774-f54d-3f6d-96be-6a1888eeeff1,OLE HEALTH,1141 PEAR TREE LN,NAPA,CA,945586485,38.32096356932309,-122.2934901692328,7072541774,0.0,38
fb7fd815-a131-32e7-b3ff-2963f4b5b492,JEWISH FAMILY AND CHILDRENS SERVICES,200 CHANNING AVE,SANTA ROSA,CA,954014668,38.4404925,-122.7141049,6506883030,0.0,29
1e80af7b-b2fd-3194-b756-f5b63bad4636,PACIFIC URGENT CARE INC,1782 W HAMMER LN,STOCKTON,CA,952072922,38.0208181,-121.33585291147989,2094759500,0.0,1
1eb4e35b-3567-34e6-9414-8d46b842cbd4,RIVIERA ALLERGY MEDICAL CENTER,1711 VIA EL PRADO,REDONDO BEACH,CA,902776005,33.817812,-118.38710222871012,3107929050,0.0,77
c447ac66-b4e5-36ec-ae12-aabcc285e31c,DOCTORS HOSPITAL OF MANTECA  INC.,1205 E NORTH ST,MANTECA,CA,953365964,37.801053249999995,-121.19747114154427,2098233111,0.0,243
4e179221-fa9b-3ebe-b8ca-d8e0dd024005,MEDSIMA URGENT CARE INC,211 N PRAIRIE AVE,INGLEWOOD,CA,903011412,33.961495408163266,-118.34403508163265,3106734000,0.0,24
bbc6e998-811c-3c63-9c9c-471ee1917208,NEW ORANGE HILLS  INC.,5017 E CHAPMAN AVE,ORANGE,CA,928694211,33.78823765,-117.79964797524845,7149977090,0.0,1
3eb7e145-61b7-3e98-acaa-b5a2e94ccf59,ARROWHEAD REGIONAL MEDICAL CENTER,400 NORTH PEPPER AVENUE,SAN BERNARDINO,CA,924044611,34.106915,-117.353027,9095801000,0.0,167
73d3a4a6-9a3e-308f-93a6-b2a358d810b0,AHMC SAN GABRIEL VALLEY MEDICAL,438 W LAS TUNAS DR,SAN GABRIEL,CA,917761216,34.10094775,-118.10587972761789,6262895454,0.0,1
1c83d68c-a60a-30d2-8837-b806fbd1895d,YUCCA VALLEY URGENT CARE INC,58471 29 PALMS HWY,YUCCA VALLEY,CA,922845818,34.1204948,-116.4265021,7603650851,0.0,1
264db60e-b161-31be-9196-280a2d6619bf,PARTNERS URGENT CARE - UTC,4085 GOVERNOR DR,SAN DIEGO,CA,921222522,32.8543492,-117.202205,7143895700,0.0,213
407b26a1-ca02-3f64-b1f1-72bbbe6c3c0d,ALTAMED MEDICAL GROUP - ORANGE  CHAPMAN,4010 EAST CHAPMAN AVENUE,ORANGE,CA,928693990,33.78767805414545,-117.81026824837681,7145326222,0.0,3
779fa12a-cc3a-30ee-bc35-e77acefac90f,CALIFORNIAN-MAGNOLIA CONVALESCENT HOSPITAL  INC.,8133 MAGNOLIA AVE,RIVERSIDE,CA,925043409,33.934648,-117.421559,9516884321,0.0,2
8c36b3fa-a640-3f29-a1aa-9fe524ee3bfd,UNIVERSITY OF CALIFORNIA IRVINE MEDICAL CENTER,101 CITY DRIVE SOUTH,YORBA LINDA,CA,928864136,33.8901096,-117.8249705,7144566112,0.0,16
bb44e470-f972-320d-92bc-38ffe962af0f,GLENDORA GRAND  INC,805 W. ARROW HWY.,GLENDORA,CA,917405413,34.1361187,-117.865339,6263310781,0.0,4
2ae63cf2-941c-365e-a773-6a4f20e401f5,PRIME HEALTHCARE LA PALMA LLC,7901 WALKER ST,LA PALMA,CA,906231722,33.84711755,-118.03883544826569,7146707400,0.0,2
98eb2566-05e4-33f5-b7d2-ece537badd96,COMMUNITY MEDICAL CENTERS  INC.,7912 WEST LN STE 221,STOCKTON,CA,952103159,38.0203468974359,-121.29475791025641,2096365000,0.0,76
4d463520-d466-3731-a5c7-88658b3b1bfc,SAN MIGUEL URGENT CARE ANAHEIM A PROFESSIONAL CORPORATION,710 S BROOKHURST ST STE A,ANAHEIM,CA,928044321,33.8131162,-117.9588106,7144941331,0.0,28
c1fb5f31-e9f7-3f14-a372-06e00887222e,APEX HEALTHCARE MEDICAL CENTER INC,1117 E DEVONSHIRE AVE,SUN CITY,CA,925859658,33.7010223,-117.2027867,9516522811,0.0,56
b9584c48-7dc8-342e-b583-3149f90c38df,KAISER PERMANENTE PSYCHIATRIC HEALTH FACILITY-SANT,3840 HOMESTEAD ROAD,SANTA CLARA,CA,950514542,37.3409236,-121.8174832,4088514850,0.0,25
8c3f422c-b6c2-3d14-aaf4-7134f61701e4,HEALTH AND LIFE ORGANIZATION INC.,3030 EXPLORER DR,SACRAMENTO,CA,958272728,38.56499126748407,-121.33342955015327,9162545700,0.0,79
3f4f36ce-7773-30f3-89f6-522f45b19dca,CENTRAL VALLEY URGENT CARE MEDICAL GROUP INC,199 W SHIELDS AVE,FRESNO,CA,937226221,36.779301,-119.814072,5592254706,0.0,5
a65b7f6f-126d-388c-9dc8-522ee5456523,MANTECA CARE AND REHABILITATION CENTER,410 EASTWOOD AVE,MANTECA,CA,953363167,37.817672354291226,-121.22440631289787,2092391222,0.0,2
d33ce05f-6414-3ac7-ac4a-a3db23dc5541,VENICE FAMILY CLINIC,604 ROSE AVE,VENICE,CA,902912767,33.999304153846154,-118.47191226923077,3103928636,0.0,72
07d4bccd-772c-30b6-b86c-714503a129ea,ARIAS HOSPICE CARE INC,4811 CHIPPENDALE DR STE 209,SACRAMENTO,CA,958412551,38.662880897959184,-121.35250742857143,9166048054,0.0,2
4ca16370-0b7e-35dc-8d62-44f6db04189a,CALIFORNIA POST ACUTE LLC,909 S LAKE ST,LOS ANGELES,CA,900062113,34.05365597297297,-118.2801384054054,2133857301,0.0,2
2dbccbfe-ee22-3bd2-bffb-ff68105bc313,SAN DIMAS COMMUNITY HOSPITAL,1350 W COVINA BLVD,SAN DIMAS,CA,917733245,34.097127150000006,-117.83438815417705,9095996811,0.0,542
9433f9ee-1053-37bf-9bb0-6ed879da6ff6,VALENCIA HEALTH CENTER,23763 VALENCIA BLVD,VALENCIA,CA,913552105,34.41601606122449,-118.54972212244898,8188981388,0.0,1
f413c7c6-18cf-39b4-993b-77108cef4422,GOLDEN VALLEY HEALTH CENTER-WOMEN'S HEALTH CTR,797 WEST CHILDS AVE,MERCED,CA,953416805,37.2882871632653,-120.4968163877551,2093835871,0.0,4
5c0933b6-7d37-3a85-be96-1180f23dee96,MARCH LANE MEDICAL CLINIC INC,7743 WEST LN STE A1,STOCKTON,CA,952103381,38.019422750000004,-121.29529782934912,2094774380,0.0,29
da2f31e6-e64b-3df5-8806-45d3d675f4b0,LOS ALAMITOS MEDICAL CENTER  INC.,3751 KATELLA AVE,SEAL BEACH,CA,907404907,33.7423967,-118.1055926,5625981311,0.0,141
c80b5138-42bb-3cde-9afd-169fe8d9fba0,ADVENTIST HEALTH HOME CARE SERVICES,440 GREENFIELD AVENUE SUITE B,HANFORD,CA,932303568,36.32919494348092,-119.65836694266405,5595853425,0.0,1
24530c9d-7991-30d0-80a2-45d999801844,CENTRAL CITY COMMUNITY HEALTH CENTER  INC,12511 BROOKHURST ST,GARDEN GROVE,CA,928404806,33.78110805,-117.95898752925272,7146437176,0.0,9
652d8814-5422-3952-aa9c-505bbabc4409,HIGH DESERT CARDIAC & MEDICAL CLINIC INC,17868 US HIGHWAY 18,VICTORVILLE,CA,923957795,34.5361067,-117.2911565,7609465177,0.0,57
96c85f48-1eae-33f8-8faf-c788fa89a2fe,SOUTHWEST COMMUNITY HEALTH CENTER-BROOKWOOD HEALTH,983 SONOMA AVE.  SUITE A,SANTA ROSA,CA,954044818,38.4408556,-122.7025361,7075838700,0.0,47
6d43f07d-4c36-3106-a14b-d41f4dfe7e14,ST JOHN'S WELL CHILD AND FAMILY CENTER,808 WEST 58TH STREET,LOS ANGELES,CA,900373632,33.989626383838385,-118.28740713131313,3235411616,0.0,10
e695a3c0-9b51-362e-8996-3490ae57e9cf,THC-ORANGE COUNTY LLC,200 HOSPITAL CIR,WESTMINSTER,CA,926833910,33.7628468,-117.995912,7148934541,0.0,13
c01efea6-705c-3d22-a551-95b94dc17956,RADY CHILDREN'S HOSPITAL - SAN DIEGO,3020 CHILDRENS WAY,SOLANA BEACH,CA,920752048,32.9905597,-117.269131,8585761700,0.0,118
4342e466-0507-38e1-a399-2a56954b64cb,SUTTER VALLEY HOSPITALS,11815 EDUCATION STREET,AUBURN,CA,956022410,38.94503815,-121.10093116567297,8003533369,0.0,28
de323c79-5a30-3f73-b849-db4677b0b8dc,FREMONT AMBULATORY SURGERY CENTER LP,39350 CIVIC CENTER DR SUITE 100,FREMONT,CA,945382328,37.554367850000006,-121.97540428601985,5104564600,0.0,137
6a5546bd-29f7-33b8-870d-b25d5762425f,COUNTY OF MONTEREY,1156 FREMONT BLVD,SEASIDE,CA,939555756,36.6019354,-121.84890159999999,8318998100,0.0,42
026b6618-df35-3fb9-9ed8-2f8fa40f5669,SAN DIEGO AMERICAN INDIAN HEALTH CENTER,2630 1ST AVE,SAN DIEGO,CA,921036599,32.732738,-117.164237,6192342158,0.0,47
71182917-cf0e-3cea-a3f8-bac2090f32a7,TORRANCE MEMORIAL MEDICAL CENTER,3330 LOMITA BLVD,TORRANCE,CA,905055114,33.8108299,-118.34375955827679,3103259110,0.0,62
c22f2590-fa18-395a-9f64-41fcf61238ef,GENESIS AMBULATORY SURGERY CENTER INC,26781 PORTOLA PKWY,FOOTHILL RANCH,CA,926101758,33.6791363,-117.6620088,9492511502,0.0,129
fe91ff8a-eb2e-3de6-acf0-10566e49be29,MARY'S HELP HOME HEALTH SERVICES  INC,3469 TENNESSEE STREET  SUITE 101,VALLEJO,CA,945914908,38.108705949009114,-122.20392225153866,7076457447,0.0,8
2e49409b-e552-3e52-b713-ef32bdeec1cf,INTEGRATIVE URGENT CARE  INC.,148 N GRAND AVE,GLENDORA,CA,917412434,34.13724790227394,-117.87241507558409,6265940478,0.0,1
3aa73a2a-a16a-3c8f-85df-472fb3124f6a,BEHAVIORAL HEALTH SERVICES  INC.,2015 W 1ST ST STE L,SANTA ANA,CA,927033516,33.745875,-117.89697749999999,9492451001,0.0,88
7f395ca7-0b14-38ef-8247-dad2e7871721,RANCHO CORDOVA MEDICAL CLINIC AND URGENT CARE,2890 LA LOMA DR,SACRAMENTO,CA,958413106,38.58427244800069,-121.31351472853733,9167045898,0.0,5
8631ce4b-e771-35cf-992c-3f212a1237b4,SANTA MONICA URGENT CARE INC,524 COLORADO AVE,SANTA MONICA,CA,904012408,34.01476475,-118.4902565395083,3103942273,0.0,1
ce1ecf85-14e4-3727-8e84-a6b016f7bd85,EAST VALLEY COMMUNITY HEALTH CENTER  INC.,1555 S GAREY AVE,POMONA,CA,917665222,34.04350944086089,-117.74972117161568,9096208088,0.0,58
139f11aa-acd7-3e0f-9ea5-a200371b2fbb,NORCAL HEALTHCONNECT LLC,400 N. MCDOWELL BLVD,PETALUMA,CA,949542339,38.25457225,-122.63187114688256,7077781111,0.0,163
999a0816-6458-3e76-9f36-bb29ab0a7e90,PROVIDENCE LITTLE COMP OF MARY SUBACUTE CARE CTR,1322 WEST SIXTH STREET,SAN PEDRO,CA,907323501,33.7358518,-118.2922934,3107914518,0.0,2
a1bd98fa-577c-3c0a-8e96-6502bf644fc2,HUNTINGTON HOSPITAL,100 W CALIFORNIA BLVD,PASADENA,CA,911053010,34.133226050000005,-118.15224362882289,6263975555,0.0,333
2802eb40-b38e-357a-b9c5-f4325689ba8c,ALAS MEDICAL CLINIC INC,545 N SAN GABRIEL AVE,AZUSA,CA,917022939,34.1336019,-117.9088096,6268151511,0.0,30
ea4f44db-a37b-3295-aa9f-a8a558e14ff5,SAN PEDRO CONVALESCENT HOME  INC.,1430 W 6TH ST,SAN PEDRO,CA,907323503,33.738886,-118.30808362295082,3108326431,0.0,1
f8bf40e2-5d52-36e3-a771-f20a8c3b24b7,PACIFICA HOSPITAL OF THE VALLEY,9449 SAN FERNANDO ROAD,SUN VALLEY,CA,913521421,34.24115836241611,-118.39487598322148,8187673310,0.0,121
66a5d66b-4692-3b4c-af52-e1b1235c49ac,EMC HOME HEALTH PROVIDERS  INC,7851 WALKER STREET  SUITE 101,LA PALMA,CA,906231734,33.84867038158733,-118.0371540717545,7145214476,0.0,8
644a748c-d1e1-3ddc-9604-bb97dbaeac0b,ALPHA WELLNESS CENTER INC,1613 S VERMONT AVE,LOS ANGELES,CA,900064521,33.8821247,-118.2913193,3237318000,0.0,34
e28ea27a-e01e-3b96-825e-9dd69f3ca15c,AHMC ANAHEIM REGIONAL MEDICAL CENTER,1111 W LA PALMA AVENUE,ANAHEIM,CA,928012881,33.848169049999996,-117.93439068729162,7147741450,0.0,828
898ab64c-00ce-3510-b32b-e20f1e71b061,KAISER FOUNDATION HOSPITAL - SACRAMENTO,2025 MORSE AVENUE,SACRAMENTO,CA,958252115,38.6023143,-121.3934474815771,9169735000,0.0,128
709cbc4e-c958-3689-b500-4936476ec6ac,OASIS FAMILY MEDICINE INC,3527 OCEAN VIEW BLVD,GLENDALE,CA,912081211,34.203188714285716,-118.2282513877551,8186466909,0.0,70
36570795-6025-3e39-8bd2-da73dcba79c2,WILMINGTON URGENT CARE AND FAMILY CLINIC INC,714 N AVALON BLVD,WILMINGTON,CA,907445809,33.77882485714286,-118.26224157142856,8184029767,0.0,2
e9941e43-1201-3bd2-ae00-1e7f9bcfec8f,DOCTORS HOSPITAL OF RIVERSIDE LLC,3865 JACKSON ST,RIVERSIDE,CA,925033955,33.9270452,-117.43908038996827,9516882211,0.0,82
f31d1589-492c-32c4-9475-94c7174f7907,DIGNITY HEALTH HOSPICE,124 SOUTH COLLEGE DRIVE  SUITE B,SANTA MARIA,CA,934545325,34.9385168,-120.4248686,8057393830,0.0,5
1b5ea3d3-e0c3-3e12-b9c4-ab2eefdbc808,OAKS INTERNAL MEDICINE  A PROFESSIONAL MEDICAL CORPORATION,3295 OLD CONEJO ROAD,THOUSAND OAKS,CA,913612456,34.1913339,-118.9487069,8053756000,0.0,33
90aac3a7-a87e-3069-844f-1ea445e6b5d6,FIRST AID URGENT CARE INC,7200 FOOTHILL BLVD,TUJUNGA,CA,910422719,34.248599,-118.288798,6267919004,0.0,31
c0d677b6-da8f-3c55-a8ce-56a3b9b5eb78,ELITE HOME CARE  INC,3807  SIERRA HWY SUITE 207,ACTON,CA,935101256,34.48074149999999,-118.1868378638664,6612692279,0.0,16
239a4ec5-6f5e-3145-9f30-67996fb0b00b,PRIME HEALTHCARE CENTINELA LLC,555 E HARDY ST,INGLEWOOD,CA,903014011,33.950461149999995,-118.34830662377192,3106801488,0.0,478
c40fe860-16bb-3876-afdf-9c4632244caf,COUNTY OF SANTA CLARA,871 ENBORG CT,SAN JOSE,CA,951282604,37.3114868,-121.9342833,4088855000,0.0,32
047c9b80-3ff5-3ece-afbd-99155a019e17,CONTRA COSTA EYE MEDICAL CENTER INC,2222 EAST ST,CONCORD,CA,945201924,37.98112449326816,-122.03274641150558,9256878280,0.0,149
b686b4df-edd0-3870-a408-5ff97fad2237,CARDIA HEART RECIRCULATION MEDICAL CENTER  INC.,2270 BACON ST,ROSEVILLE CA,CA,956613482,38.7521235,-121.2880059,9259385400,0.0,148
21c2a341-f13c-39ee-bbbe-3a3311cd4546,BAY SHORE WELLNESS LLC,5855 E NAPLES PLZ,LONG BEACH,CA,908035077,33.7554882,-118.1195661,5628104916,0.0,77
4fa8a1e1-020c-358a-b70a-502099421729,AXIS COMMUNITY HEALTH,3311 PACIFIC AVENUE,PLEASANTON,CA,945666611,37.6624312,-121.8746789,9254471881,0.0,42
75584776-ea17-313d-8d91-c98b432f7ef6,PROVIDENCE CEDARS SINAI TARZANA MEDICAL CENTER,18321 CLARK STREET,TARZANA,CA,913563547,34.17054565,-118.53277824088283,8188810800,0.0,49
5c2fe73c-9f83-3079-948e-fb32a6d97529,WEST COAST URGENT CARE CENTERS - PASADENA INC,600 S LAKE AVE,PASADENA,CA,911063955,34.135751,-118.132158,3107800014,0.0,173
5fd63454-ba60-3440-8d32-3019e5262d1e,LANCASTER HOSPITAL CORPORATION,38600 MEDICAL CENTER DR,PALMDALE,CA,935514483,34.583193800000004,-118.14462512448063,6619484781,0.0,71
e5b8b14a-c935-3915-8981-c16d9168fd95,REGENCY OAKS POST ACUTE CARE CENTER,3850 E. ESTHER ST.,LONG BEACH,CA,908042009,33.788850272727274,-118.14743251515152,5624983368,0.0,4
7bcd8dfb-f1e8-3637-8c72-1a924478571d,ADVANCED HOME HEALTH CARE  LLC,35 E 10TH ST,TRACY,CA,953764058,37.7385218,-121.4334513,2096379810,0.0,5
0c2f3a76-5994-37ed-a0eb-f7c9dbedea7b,PROVIDENCE QUEEN OF THE VALLEY MEDICAL CENTER,1000 TRANCAS ST,NAPA,CA,945594721,38.325328,-122.29608913388623,7072524411,0.0,42
e8262a2e-35ae-3af7-a683-2efb530d037d,NORTHBAY MEDICAL CENTER,4500 BUSINESS CENTER DR,VACAVILLE,CA,956874100,38.3565773,-121.9877444,7076463401,0.0,88
2cdf4f1a-c334-3ac8-bf1f-6d2f8f46ebd8,SAN MIGUEL URGENT CARE & INDUSTRIAL CLINIC,404 W 9TH ST,SAN BERNARDINO,CA,924011014,34.11588373510037,-117.29215199968925,9093830050,0.0,1
e4e804d3-29b4-34d9-8173-fff352dd8d19,GEM TRANSITIONAL,716 SOUTH FAIR OAKS AVE,PASADENA,CA,911052618,34.133521370370374,-118.15025507407408,6267370560,0.0,35
d03228a9-8e41-34aa-b37e-2e77621fbc38,COMMUNITY MEDICAL CENTERS  MANTECA,200 COTTAGE AVENUE  SUITE 103,MANTECA,CA,953364935,37.79959,-121.19814,2096245800,0.0,3
82821b91-673f-3e2e-85ba-9394029cdd7c,WEST COAST MEDICAL CARE PROFESSIONAL CORPORATION,5350 MADISON AVE,SACRAMENTO,CA,958413169,38.66066926190476,-121.33957807142858,9166770008,0.0,68
f8b4153f-4095-3783-80b5-b1359649b071,NEW VISTA NURSING AND REHABILITATION CENTER,8647 FENWICK STREET.,SUNLAND,CA,910401958,34.2614484,-118.30432,8183521421,0.0,4
a68453bb-1d8e-34f9-a50e-a9077f8f5e72,MDSTAT URGENT CARE INC,484 HOWE AVE,SACRAMENTO,CA,958255513,38.573781521749815,-121.41508279120777,9166785291,0.0,18
fdb448dc-51f7-3358-a57b-209798efc714,JEWISH HOME CARE SERVICES,6345 BALBOA BLVD  STE 213,ENCINO,CA,913161517,34.169706,-118.5011091,8186550411,0.0,1
09d9375f-eed9-32e6-afb5-c9122b9a91cc,ST JOSEPH HEALTH NORTHERN CALIFORNIA LLC,1450 MEDICAL CENTER DRIVE,SANTA ROSA,CA,954054801,38.4404925,-122.7141049,7075474652,0.0,574
0ea7ec33-a0b8-383f-8fbd-cac36ab403e1,COMMUNITY REGIONAL MEDICAL CENTER,2823 FRESNO STREET,FRESNO,CA,937211324,36.7433526,-119.78408779817215,5594596000,0.0,91
ecd96ec8-298d-377c-922b-96ce3176e0d6,SENECA DISTRICT HOSPITAL,130 BRENTWOOD DRIVE,CHESTER,CA,960200737,40.3058121,-121.2347413,5302582121,0.0,31
8b578fb9-4bb3-3481-9f39-186066f60058,ST JOHN'S WELL CHILD AND FAMILY CTR-MAGNOLIA PLACE,1910 MAGNOLIA AVE,LOS ANGELES,CA,900071220,34.039743306122446,-118.28635046938776,2137490947,0.0,52
a652e8f8-201c-36c9-954e-5328392108e7,BEST HEALTHCARE ACCESS,3218 E HOLT AVE STE 201A,WEST COVINA,CA,917912310,34.069952,-117.8658088,8886252459,0.0,90
c5126bb0-e776-3553-ac0b-19ee73bcf42c,VVS PRIMARY CARE MEDICAL GROUP INC,1345 GRAND AVE,PIEDMONT,CA,946101074,37.8214289,-122.24416555,5104284900,0.0,68
05c88632-c92e-3f2d-93f6-733d52c0a29d,ST JOSEPH'S BEHAVIORAL HEALTH CENTER,2510 N  CALIFORNIA ST,STOCKTON,CA,952045502,37.9767296,-121.290909,2094612000,0.0,332
7ee37661-986b-3245-bcd5-fd410f993975,MISSION SKILLED NURSING & SUBACUTE CENTER,410 NORTH WINCHESTER BOULEVARD,SANTA CLARA,CA,950506325,37.2333253,-121.6846349,4082483736,0.0,3
793d2cb5-c7e9-3d50-9352-cb5b41bb57ad,JOHN MUIR BEHAVIORAL HEALTH,2740 GRANT ST,CONCORD,CA,945202265,37.98595515845069,-122.0388607130745,9256744100,0.0,698
c6d89e0b-9c6a-366c-b00f-713bb40626d2,GRACE HOSPICE AND PALLIATIVE CARE  INC.,2410 CAMINO RAMON,SAN RAMON,CA,945834318,37.772638,-121.9647331,9258588864,0.0,1
f3d1cd06-cbce-3626-937b-894a165379ec,POMONA COMMUNITY HEALTH CENTER,1556 S SULTANA AVE,ONTARIO,CA,917614238,34.04550535743859,-117.64610464118688,9099847384,0.0,71
0b4db9c2-14dc-3fd4-81d7-9ca0d30450a4,FAMILY HEALTHCARE NETWORK,250 W 5TH ST,HANFORD,CA,932305029,36.32437014285714,-119.6477109387755,5595874532,0.0,62
3c749a3c-dee1-305a-9d95-3a074003fe7c,PLEASANTON NURSING AND REHABILITATION CENTER,300 NEAL STREET,PLEASANTON,CA,945667317,37.6598203,-121.8740406,9254622400,0.0,46
b4d6cf45-9229-30ed-80a2-a21babd3930f,THC-ORANGE COUNTY LLC,550 N MONTEREY AVE,ONTARIO,CA,917643318,34.0692804,-117.64259975332811,9093910333,0.0,161
b18dc037-79b0-3ad2-b276-35ca8a4298ec,COMMUNITY HOSPITAL OF THE MONTEREY PENINSULA,23625 W R HOLMAN HIGHWAY,SALINAS,CA,939072533,36.6744117,-121.6550372,8316245311,0.0,136
ad8738e7-18e2-3fb8-8835-b1b8ff10e718,VICTOR VALLEY GLOBAL MEDICAL CENTER,15248 11TH ST,VICTORVILLE,CA,923953704,34.528051250000004,-117.29354800180367,7602458691,0.0,273
bd9b3815-6bed-3953-976c-23daedb445e9,CHAPARRAL HOUSE,1309 ALLSTON WAY,BERKELEY,CA,947021920,37.867519400000006,-122.28569434506784,5108488774,0.0,5
c0752ee9-2ef6-351c-9311-7a0e6c049189,ALISO VIEJO FAMILY MEDICINE PC,24801 ALICIA PKWY,LAGUNA HILLS,CA,926534654,33.6017968,-117.69222802889965,9494250321,0.0,32
3a856589-50ec-34b2-83ca-7f703e3a2f3f,CENTURION VALLEY HEALTHCARE INC.,6337 BROOK HOLLOW CIR,STOCKTON,CA,952192441,37.99123835,-121.36038394751458,2099100701,0.0,31
e4468720-0bf8-3532-85ee-f58001105643,OCEAN FRONT URGENT CARE P.C,31236 PALOS VERDES DR W,RANCHO PALOS VERDES,CA,902755361,33.7482142,-118.4059815,7606863121,0.0,1
d11ecb3c-4065-362d-8603-9e337dd4377d,EL CAMINO HOSPITAL,2500 GRANT RD,MOUNTAIN VIEW,CA,940404344,37.36885985000001,-122.079862859814,6509407000,0.0,91
