Id,ORGANIZATION,NAME,GENDER,SPECIALITY,ADDRESS,CITY,STATE,ZIP,LAT,LON,ENCOUNTERS,PROCEDURES
5e38f3b6-8dac-3949-b27c-ed74e9a6103f,17260c93-fcaf-3ccf-815b-0ddb786f5f6d,Marisol435 Tórrez28,F,GENERAL PRACTICE,1110 N WESTERN AVE,LOS ANGELES,CA,900291087,34.0536909,-118.242766,432,0
9739463d-2246-3a41-b39a-a0552a4ae634,1dd0d14f-2ee5-33f6-a814-9ecc2a14998e,Garth972 Braun514,M,GENERAL PRACTICE,870 HAMPSHIRE RD STE P,WESTLAKE VILLAGE,CA,913616041,34.15478506398215,-118.83157757806522,9,0
f4893471-93d2-39d1-a079-a891fb091064,c69ad947-f41f-30a3-ad96-3ca014ba7e42,Robyn562 Jast432,F,GENERAL PRACTICE,5535 BALBOA BLVD STE 104,ENCINO,CA,913161522,34.1715310781971,-118.50091370717297,30,0
89b6570a-f78e-338c-a350-ed3dd7233834,281b06af-1634-3402-aff7-fb15b28aa9b3,Nathanial472 Mitchell808,M,GENERAL PRACTICE,2080 NEWBURY RD,NEWBURY PARK,CA,91320,34.1832643283084,-118.9245233941602,32,0
b01648ab-34e9-36b6-ac26-4c0bdd5f3cce,5d0ef748-1894-3819-a370-79b03a89ade2,Lindy582 Barton704,F,GENERAL PRACTICE,1532 SAN BERNARDINO AVE STE A2,POMONA,CA,917673559,34.075793,-117.720272,2,0
a8be6378-2abe-33e1-93a3-a27a91e82299,a0c63140-c437-3c5e-93dd-cbdfaf7eb93d,Teodoro374 Koss676,M,GENERAL PRACTICE,2540 EAST ST,CONCORD,CA,945202267,37.9835342,-122.03326853469336,36,0
0551d55f-10ba-36ca-b36e-b81fb09b6972,42186452-c1e6-326b-a098-2838d74aa29a,Tomika243 Deckow585,F,GENERAL PRACTICE,250 NORTHGATE DR,MANTECA,CA,953363161,37.81897818945475,-121.21992904337117,48,0
2631cfaa-9b7b-3aed-baa3-41ba76581110,a2acc2d6-25c5-330d-8d81-118480281b9c,Todd315 Steuber698,M,GENERAL PRACTICE,3630 E IMPERIAL HWY,SOUTH GATE,CA,902806237,33.9305079,-118.174463,77,0
f3436d27-67e7-3da2-a8b4-9f0e12d7e59c,4e92862a-6d26-32c3-af75-58b5900cdbeb,Ana Luisa894 Zavala169,F,GENERAL PRACTICE,729 BROWNING RD,DELANO,CA,932159747,35.7671022,-119.22375367814135,2,0
23a18c03-b4c5-3a81-aaec-37fa910a7377,6edb67bf-257d-34d3-ad3a-5a060d16195d,Wyatt967 Jakubowski832,M,GENERAL PRACTICE,1033 E. ARROW HIGHWAY,GLENDORA,CA,917406110,34.1361187,-117.865339,3,0
90228899-be9b-3d69-a028-ded9c675cbc3,91d90097-2da8-364b-8e1d-15efad06051f,Mayola305 Hauck852,F,GENERAL PRACTICE,1710 BARTON ROAD,REDLANDS,CA,923735304,34.04917815,-117.21406627495367,33,0
0ea3b1f6-d57d-3117-a796-77b969042f1f,8806462c-4c2a-32ad-b873-5fe577aa8338,Porsche32 Carter549,F,GENERAL PRACTICE,3000 N GATE ROAD,SEAL BEACH,CA,907402535,33.77321795,-118.07813602083837,7,0
6a1e8127-7975-3b54-9a6f-5258796a9f6e,868aba65-f6a0-3577-8170-f1616f72769a,Denna536 Conroy74,F,GENERAL PRACTICE,6000 SANTA ROSA ROAD,CAMARILLO,CA,930127101,34.226974,-118.986588,5,0
9e1fcabb-e7b6-3b10-977c-d0bb1a397906,ad1a4d2b-b32c-3558-851d-15a0eb97cd1c,Lesley194 Crooks415,F,GENERAL PRACTICE,1119 EAST MONTE VISTA AVENUE,VACAVILLE,CA,956883009,38.36079005,-121.97670764718225,3,0
5b5ae032-3d1f-31d7-87d4-a291bb29a4be,c63030a8-50de-3b32-9559-f24fa51a0005,Nickolas58 Schumm995,M,GENERAL PRACTICE,6501 COYLE AVE,SACRAMENTO,CA,958212122,38.66952005,-121.31317653001221,221,0
09fddfc4-f1c7-32ee-a8c8-67b54db090d7,d0aa35ea-1e0f-3005-98aa-fb7d243ca286,Elliot577 Daugherty69,M,GENERAL PRACTICE,4815 WATT AVE,NORTH HIGHLANDS,CA,956605108,38.6710975,-121.38795381804641,31,0
3a6d72bf-9361-3e60-b451-388d47fbc7f5,6e9a512c-2016-36d1-80fd-f7783bd0f85c,Allen322 Mayer370,M,GENERAL PRACTICE,1000 QUAIL  NO 130,FONTANA,CA,923377584,34.1189092,-117.4923728,9,0
cabc0b8d-e04c-3386-baa1-c564207c326b,306a11fe-5d06-3576-ab68-659aed6ff09d,Chet188 Larson43,M,GENERAL PRACTICE,277 SOUTH ST,SANTA MARIA,CA,934548806,34.95125975510204,-120.42860075510204,3,0
fc444948-ca4f-36d9-8cf2-96d2d190dad2,9ad66a31-c8f5-34e3-aab4-153dd6c7d029,Jona712 Rempel203,F,GENERAL PRACTICE,585 NUT TREE CT,VACAVILLE,CA,956873353,38.36185117075607,-121.94841636231169,1,0
b21df27b-bf66-31d3-9fe3-29cbdce47f65,68242536-a8a0-3387-9883-c3d4ee01a92f,Jordon466 Schulist381,M,GENERAL PRACTICE,1053 COLORADO BLVD STE H,LOS ANGELES,CA,900412573,34.13777546640215,-118.18862824475214,6,0
6c3db736-e2ef-3e26-92e9-c46a067a6383,dab5e3e2-ec40-3713-97b5-6d23635e9372,Leandro563 Bahringer146,M,GENERAL PRACTICE,123 ATLANTIC AVE,LOS ALAMITOS,CA,907203562,33.8038865,-118.0772433,5,0
7f7a3e50-e384-36fc-a495-8f456c1ff784,cc6760f7-06d8-3152-ab5e-755c7cdf601c,Latrice352 Ferry570,F,GENERAL PRACTICE,816 EAST ENOS DRIVE,SANTA MARIA,CA,934548205,34.934393535806414,-120.42278392789598,84,0
fbcc7f97-6609-3b79-aaae-b965da9ae065,299e2731-a4c8-3110-abf4-176a65b2fce1,Allan198 Moore224,M,GENERAL PRACTICE,47111 MONROE STREET,INDIO,CA,922016739,33.7061251,-116.23612764229054,10,0
de6e5fdc-fce8-3c9e-8ef8-7485a49e4112,5d996db8-84df-37a6-b696-72f9a9366abc,Hoyt490 Deckow585,M,GENERAL PRACTICE,2888 LONG BEACH BLVD,RANCHO PALOS VERDES,CA,902755370,33.7483311,-118.3707683,59,0
76ebe325-ba1e-3483-b83b-7eef997d5549,e2db0de7-6794-3a04-8338-b307bfb7b078,Joshua658 Wolf938,M,GENERAL PRACTICE,476 EAST WASHINGTON AVENUE,EARLIMART,CA,932190000,35.884411346590205,-119.27135393451397,95,0
dab8028d-b1d5-30de-ac1e-6ea287742f3a,5cbff5bd-ae3a-31b2-b359-3b3ca0e2f3b0,Jimmy858 Spencer878,M,GENERAL PRACTICE,221 N SAN DIMAS AVE  SUITE B,LA CRESCENTA,CA,912144570,34.230429,-118.2350733,23,0
b420c172-99bd-3f3f-8f31-f3d6dc416738,604164c7-656f-3d06-ad92-5b8d41f3470c,Kristofer887 Klein929,M,GENERAL PRACTICE,1140 EXPOSITION BLVD STE 700,SACRAMENTO,CA,958154334,38.59585907142857,-121.43910197959184,2,0
92ccf538-0830-36a4-ad8a-0621c0dd4ddf,f3423ebc-9130-346a-b0ce-4d525ea9bb7b,Brittanie254 Barrows492,F,GENERAL PRACTICE,9995 CARMEL MOUNTAIN RD,SAN DIEGO,CA,92129,32.96074465006127,-117.11202541583458,31,0
a55847c2-a005-3f93-85fb-4f26acf207b5,4df7b96d-079c-3a41-9abc-aad233e7b7e5,Elbert916 Kunze215,M,GENERAL PRACTICE,24445 HAWTHORNE BLVD STE 105,TORRANCE,CA,905056562,33.80034565,-118.35160483264585,1,0
c0994384-2250-3ef7-8d11-f47f72d478a2,e6b3c7cf-49d3-3f0e-9445-11a5614a0ad3,Delcie812 Casper496,F,GENERAL PRACTICE,4650 LINCOLN BLVD,MARINA DEL REY,CA,902926638,33.98135232254192,-118.4401292012784,221,0
d45ac5dd-207f-31c2-bff6-856f992985d3,accc48e0-9f06-3cbe-89d3-df83ee3cd925,José Eduardo181 Apodaca347,M,GENERAL PRACTICE,1809 VERDUGO BLVD,GLENDALE,CA,912081402,34.20572112438017,-118.21518567231655,80,0
1941ca41-2c8d-3f84-9698-d18ee73ee3f8,8b3c60eb-5961-3177-9920-a41eb4556e9b,Jackelyn13 Pacocha935,F,GENERAL PRACTICE,3555 CESAR CHAVEZ STREET,SAN FRANCISCO,CA,941104403,37.74699015,-122.4208571403392,730,0
cf9e3fd8-1f79-3b8a-a0c1-e5c4608b9336,e8518820-7c69-3120-aaa3-b168140a5013,Florencio463 Kreiger457,M,GENERAL PRACTICE,14973 HESPERIA ROAD,VICTORVILLE,CA,923953923,34.523193502394854,-117.29635519170543,1,0
a99212dc-ae3a-36f6-92b5-dd7512262c46,78d15b24-34d5-33dd-9555-4a524015c75d,Efren426 Hauck852,M,GENERAL PRACTICE,5090 SHOREHAM PL STE 209,SAN DIEGO,CA,921225935,32.85275799729223,-117.18557425197204,1,0
fae6404a-8f32-36f7-bdeb-d9823a6eb314,61bc72de-993c-32a1-a33c-2c8caf40be04,Ulysses632 Ziemann98,M,GENERAL PRACTICE,501 PETALUMA AVE,SEBASTOPOL,CA,954724215,38.397302499999995,-122.8192628217564,567,0
6a92c0dc-c476-3fdd-842c-5f5290f036bc,078d8939-83a3-3bf4-b5fb-31986669efb7,Vina438 Grimes165,F,GENERAL PRACTICE,3128 SANTA RITA RD,PLEASANTON,CA,945668300,37.69029938723925,-121.87863048859407,16,0
1c263966-3ee9-36e4-9efb-6dae24c4a16c,ea403d2c-a3c8-3242-8cb4-9b4d6e58afe3,Bennett146 Kessler503,M,GENERAL PRACTICE,7033 W SUNSET BLVD SUITE 314,LOS ANGELES,CA,900287564,34.09804794117647,-118.34268982352941,7,0
6a897edc-a448-3140-b04c-66663baeb79b,b696b1e9-bedc-3632-a604-e8412a54a77b,María Teresa440 Mesa630,F,GENERAL PRACTICE,7758 KNOTT AVE,BUENA PARK,CA,906202420,33.849022490822136,-118.01093747934428,28,0
ff509573-d6f2-3e2f-8ea3-00a57935341f,a8269531-c7a3-3fc4-a20e-f39340660818,Sanda877 Conroy74,F,GENERAL PRACTICE,1133 E STANLEY BLVD,LIVERMORE,CA,945504246,37.678421099999994,-121.7807809965404,57,0
e5997fe0-922f-3032-a15e-13e9e92420a4,5516e4e5-c84b-3b92-925f-bcc954881640,Artie871 Zboncak558,F,GENERAL PRACTICE,1929 N. FAIRVIEW STREET,SANTA ANA,CA,927062205,33.7494951,-117.8732213,7,0
e17a6f27-1975-35a7-a6a0-3ea724eb930b,d6ba1d70-6cdb-3a2e-9e60-3f8c51de2442,Trey250 Torp761,M,GENERAL PRACTICE,444 E HUNTINGTON DR STE 103,ARCADIA,CA,910066257,34.1311559,-118.0642657,2,0
47e3f7e5-96db-3634-bfa5-cc9ca46ecc12,815a1789-d01e-375e-9b5d-07264d84484c,Oscar384 Bauch723,F,GENERAL PRACTICE,15115 S VERMONT AVE,GARDENA,CA,902474101,33.89442493495275,-118.29211857325973,2,0
a3f36adf-0dc7-393e-941a-51833bb0b4f1,597dc2ee-d7e4-3bd0-9c51-d1522a17dccf,Jaime666 Nicolas769,M,GENERAL PRACTICE,515 S DRIVE,MOUNTAIN VIEW,CA,940404209,37.3667811,-122.0836616,37,0
1b6d88ab-1f24-36f3-9df4-20bc7d03ad7c,024ff353-171c-3689-9aee-30f71418d120,Jorge Luis88 Villegas15,M,GENERAL PRACTICE,146 N HILL ST,ARVIN,CA,932031014,35.209725734693876,-118.83086063265306,40,0
e02a93b8-08cd-356b-b6d1-b8391480771c,60a508c0-f0f3-360b-b80b-cbc197928d68,Freddy176 Conn188,M,GENERAL PRACTICE,229 POLARIS AVE  SUITE 5,MOUNTAIN VIEW,CA,940434579,37.398370549999996,-122.08346785128194,11,0
7837f93d-e90c-3c23-9267-88f1f432e736,3c4f9a56-9fcd-3804-8b37-9952db00b399,Cristian531 Linares712,M,GENERAL PRACTICE,1001 NUT TREE RD,VACAVILLE,CA,956874166,38.35664051020409,-121.95289756122449,1,0
44b99235-6237-3e21-a4b7-cb2cbd822e19,5d3f93c0-4f2c-38ee-99df-414b91e9d0ba,Suellen60 Becker968,F,GENERAL PRACTICE,3203 W MARCH LANE  SUITE 140,STOCKTON,CA,952192365,37.984041591836736,-121.35260612244899,3,0
a5289881-fd8a-3afb-b755-118e75c436ef,bcc4dbf9-02ad-343b-a4e2-3274910cc698,Aide521 Koelpin146,F,GENERAL PRACTICE,5400 ATLANTIS CT,MOORPARK,CA,930217126,34.2819,-118.894954,1,0
a65af24f-1c7c-3999-b5ab-6ebb2706a50b,b4246ca2-60c6-32b4-9190-d81bd48106bc,Tony646 Reinger292,M,GENERAL PRACTICE,22419 KENT AVENUE,TORRANCE,CA,905052303,33.824732599385236,-118.35652783968752,21,0
8dc73da4-9f00-3bba-9ed5-de1ec9e47455,0c7cfbaa-65b9-32f9-81d1-d9820789f360,Niesha86 Friesen796,F,GENERAL PRACTICE,1720 TERMINO AVENUE,LONG BEACH,CA,908042104,33.78889995,-118.14491916024461,192,0
ef54b0e3-a386-3ed6-aff6-05710fc39ff2,22f9afff-d5f4-3ad7-8d99-6c734278b7de,Valene773 Carroll471,F,GENERAL PRACTICE,1787 OCEANAIRE CT,SAN LUIS OBISPO,CA,934056832,35.25711715,-120.68471480424247,10,0
98d46646-d142-3da2-a435-4b6287c36f11,8426f008-ff56-3ac7-87e2-8cdd115dcf1e,Kimberely738 Casper496,F,GENERAL PRACTICE,999 STORY ROAD SUITE 9021,SAN JOSE,CA,951224604,37.3316042,-121.8566177,1,0
4922a218-3ede-3e9b-b317-a6b5711560c2,783b9971-855e-3af2-bbe2-63c4e3400a84,Ramón841 de Anda129,M,GENERAL PRACTICE,2299 NORTH INDIAN CANYON DRIVE,PALM SPRINGS,CA,922623023,33.849979,-116.545672,7,0
b2ee498c-3b2b-33eb-86fa-ec700c9c4797,19306a6f-1cac-3440-ba25-a3dbfd4fe4d3,Hildegarde627 Johns824,F,GENERAL PRACTICE,501 S BUENA VISTA ST,BURBANK,CA,915054809,34.15594575,-118.32832890181228,48,0
2d3b5ed7-7db4-37e5-add7-cea556a47f22,fdf6e005-548a-3291-abf1-1417cf5c011b,Caleb651 Willms744,M,GENERAL PRACTICE,51 N 5TH AVE,ARCADIA,CA,91006,34.1362075,-118.0401497,95,0
17d74a0d-0527-3725-a1d4-2d9b9ca07bdb,fd3165b5-afde-3028-a691-9e1fc5955daa,Emanuel231 Pfeffer420,M,GENERAL PRACTICE,279 SPRECKELS AVE,MANTECA,CA,953366005,37.79418434541426,-121.19792404839981,128,0
e348c172-a03c-3fef-9396-f12b081cf4f2,076f3048-689f-3a6f-9adb-aedcac9d15d9,Rodney21 Eichmann909,M,GENERAL PRACTICE,74785 HIGHWAY 111,INDIAN WELLS,CA,922107129,33.721187314197735,-116.3599320977308,3,0
7b8509f8-c412-3fc2-a25f-8d9dd0e56855,0ec61f7a-0e36-316c-9fc6-2723af08998e,Virginia437 Caballero789,F,GENERAL PRACTICE,10850 MACARTHUR BLVD,BERKELEY,CA,947051912,37.8753497,-122.23963364918777,42,0
ab74363c-78e2-3d8b-b606-742f4b99373e,a36147cb-91bf-3aad-a40f-b89407d8b841,Bella510 Hintz995,F,GENERAL PRACTICE,1200 SPRINGFIELD DR,CHICO,CA,959286340,39.73466,-121.802307,3,0
ef9e15cf-978f-34a5-a845-1feb33d8f95e,45ab0f85-d959-36a4-8adf-7f7974f7c882,Blanche121 Bailey598,F,GENERAL PRACTICE,900 S ATLANTIC BLVD,MONTEREY PARK,CA,917544716,34.04980485,-118.13808529561979,19,0
250488b8-2e1e-3b38-bf26-0c49f7deba65,a4a18a4d-32e8-3fe0-9dc1-b2d85340b9d7,Carl856 King743,F,GENERAL PRACTICE,27700 MEDICAL CENTER RD FL 5,MISSION VIEJO,CA,926916426,33.5965685,-117.659405,77,0
11148cc2-ca58-30fc-99cd-7e431bd84471,3e77b43a-9fc4-3d71-8664-7ddf33051702,Troy560 Lebsack687,M,GENERAL PRACTICE,27168 NEWPORT RD STE 1,MENIFEE,CA,925847383,33.685119,-117.18607025,9,0
f77fb6b8-1002-32cf-8574-e8ddcfb3ccfa,eb1e121e-c4c3-37f2-9da6-ee62e9670234,Christie481 Roberts511,F,GENERAL PRACTICE,1704 COLORADO BLVD,LOS ANGELES,CA,900411338,34.13924071428571,-118.20393214285714,88,0
7411d027-2b6c-3d60-b7c9-9e0bb57bba9b,48c0143f-fdb3-3907-b262-3092e89f9b1e,Clyde817 Konopelski743,F,GENERAL PRACTICE,2231 SOUTH WESTERN AVE,LOS ANGELES,CA,900189903,34.0536909,-118.242766,108,0
5f2852bc-e9dd-3f26-bc31-d9c81968481f,05d8a7c3-348e-3676-a18c-05cbf2244a0a,Madeline975 Friesen796,F,GENERAL PRACTICE,215 W JANSS RD,WESTLAKE VILLAGE,CA,913623816,34.1460234,-118.8061794,108,0
ac620470-d8ca-3936-a2f8-12d05f76c167,5efe0570-2a4e-3635-8916-1142111c25a6,Nyla424 Ledner144,F,GENERAL PRACTICE,5355 WARNER AVE,HUNTINGTON BEACH,CA,926496030,33.715772349999995,-118.03620401573522,1,0
de2e16e9-b4dd-3ec2-9ae3-63b0ebdc30b4,8c5b7db8-879d-3e14-bf27-ff37bdee31b1,Enrique929 Hernádez343,M,GENERAL PRACTICE,5707 REDWOOD ROAD  SUITE 2,OAKLAND,CA,946192400,37.7979431,-122.1837455,6,0
2654fa8b-6caa-3c08-ab3f-aa39359e3400,e3622cb9-5399-3392-ba13-396945ddd60a,Marcellus830 Gleason633,M,GENERAL PRACTICE,23801 NEWHALL AVE,NEWHALL,CA,913213126,34.3720056,-118.5171507,1,0
1131357d-037e-3c14-93f3-c68296fd7847,76df0d35-0e17-31bb-8908-c6b3c5b77215,Alanna27 Beahan375,F,GENERAL PRACTICE,797 S ARROYO PKWY,PASADENA,CA,911053234,34.13225289427312,-118.14740427312775,546,0
5f4848e4-52ac-3944-a768-e935fb6db505,3162a364-5058-30f7-adeb-fb9428869443,Carlos172 Henríquez109,M,GENERAL PRACTICE,500 FIRST STREET,PORTOLA,CA,961229406,37.6884252,-121.7573829,10,0
b8a4a5dd-64e8-353a-9dc8-c00d87886f22,8050a707-fde3-3484-82a0-48becb8f901a,Nam74 Fay398,F,GENERAL PRACTICE,3737 MORAGA AVE,SAN DIEGO,CA,921175364,32.8093114,-117.2101852,76,0
0a30bb7a-41d2-3ba8-9704-87b2f4a4083b,ce120636-7dd2-3994-b848-20d6bcc0f3d5,Chantell995 Krajcik437,F,GENERAL PRACTICE,1300 W 7TH ST,SAN PEDRO,CA,907323517,33.739339099999995,-118.30668535728435,6,0
1fbe0c24-361c-302d-b443-da66405e46ed,3ab7cf45-6453-3053-994b-f081f192be2e,Juan Carlos348 Bétancourt447,M,GENERAL PRACTICE,3128 SANTA RITA RD,SAN RAMON,CA,945831670,37.7648021,-121.9544387,13,0
e28373ad-4a2f-314f-87e5-c8b2bbca9d3d,5a5cca9c-2630-3c7d-9fc3-f27dab7ac601,Sang383 Zulauf375,M,GENERAL PRACTICE,680 COHASSET ROAD,CHICO,CA,959262213,39.75230939656818,-121.8456021060989,12,0
6b9beae6-6725-36eb-87a3-c11bffe1e8b1,cc490837-8d64-39fd-95c1-aab09228bade,Devon268 Schaefer657,M,GENERAL PRACTICE,11124 W CALIFORNIA AVE,YOUNGTOWN,CA,853631246,38.7778192,-121.3833999,10,0
35749598-e7d3-3580-b163-378f8f9e5db7,e87d9b25-bdc0-317e-9089-1fffebab73e2,Eloisa55 Deleón21,F,GENERAL PRACTICE,7601 HOSPITAL DR,SACRAMENTO,CA,958235408,38.46432337583888,-121.41603237016655,64,0
32905801-0151-32bd-b92d-65d420b06e8e,746d064e-e621-3b09-a53f-df19c3be6b7a,Philomena945 Brakus656,F,GENERAL PRACTICE,105 TERRACINA BLVD,REDLANDS,CA,923734845,34.04375505675974,-117.21144742572379,1,0
aa600925-9cc9-37aa-8db0-777539335508,ab4afb0d-d05a-33fc-9eac-e58b91e3239b,Ted955 O'Connell601,M,GENERAL PRACTICE,8465 OLD REDWOOD HWY STE 320,WINDSOR,CA,954929244,38.54294455,-122.80015836719608,28,0
30afb6e3-cfb3-3da9-9143-4b0b99b987a7,194202e1-bfa6-32ad-9898-9f020c8a6092,Marleen824 Ziemann98,F,GENERAL PRACTICE,7140 INDIANA AVE,RIVERSIDE,CA,925044544,33.93827445,-117.39723726023308,74,0
a5c31721-62a9-3e02-b216-e9a3707ad6fc,4cef29a5-e465-3f83-aa5b-2227c9ab4ef8,Dudley365 Turner526,M,GENERAL PRACTICE,431 S HEWITT ST,LOS ANGELES,CA,900132215,34.042461700000004,-118.2355241641543,3,0
5e608fdb-10ed-3548-acf5-26239d73d008,a0730c70-e68d-3cbf-84ec-27b3a5c97934,Gwyneth692 Marvin195,F,GENERAL PRACTICE,28400 MCCALL BOULEVARD,SUN CITY,CA,925859658,33.7143619,-117.2010549,909,0
8fab025a-3ad6-38e1-89b7-72b8246f0e5f,e9ba2eb7-ae6f-3c40-8995-c9e1c589602a,Isabela97 Linares712,F,GENERAL PRACTICE,7500 HOSPITAL DR,SACRAMENTO,CA,958235408,38.463021299999994,-121.41634890895006,244,0
26069bf4-873d-38a4-9212-aff6063a022f,8c778569-a5d3-3bb3-a2b0-95b3514667d4,Tricia672 Hessel84,F,GENERAL PRACTICE,159 E HUNTINGTON DRIVE  UNIT 4,ARCADIA,CA,910067056,34.1311559,-118.0642657,30,0
b9a32702-1606-3454-b891-20590becceed,9faf6325-afc3-34fb-864f-4e77f206d357,Anita473 Toledo81,F,GENERAL PRACTICE,1801 W ROMNEYA DR,ANAHEIM,CA,928011818,33.851076899999995,-117.9469631,29,0
3b878f5e-8264-3254-bd3c-50727b96b8d9,06630d14-645e-3403-b94c-e3ed710ca998,Harlan808 Langosh790,M,GENERAL PRACTICE,4445 MAGNOLIA AVENUE,RIVERSIDE,CA,925014136,33.97651725,-117.38256094437733,48,0
96becbb9-b2f9-3880-a97e-9e76712bc53e,2e07020f-0cdc-3dff-a59f-723bbfed6b3f,Lonna614 Nader710,F,GENERAL PRACTICE,1161 CIRBY WAY,ROSEVILLE,CA,956614421,38.7296868,-121.2742574,5,0
078089ce-8457-3d04-90da-a92dec4ae45b,e078e6ac-d6b1-3666-950d-4468abd49c01,Monte325 Mann644,M,GENERAL PRACTICE,36947 COOK STREET  BUILDING 10  SUITE 102,PALM DESERT,CA,922116078,33.77948717683687,-116.3558755000679,4,0
e67c42f7-4b11-3d14-8586-882bcbb807d8,240646e6-14a8-395c-a776-e1e262d5117d,Juan88 Rendón540,M,GENERAL PRACTICE,1401 GARCES HIGHWAY,DELANO,CA,932153660,35.76202,-119.23931287742049,899,0
4ff8d1db-38c5-318e-a724-9c015daf15c8,ecdd2391-0bb0-39d8-a92b-4c1c255c77d0,Randy380 Braun514,M,GENERAL PRACTICE,273 E BEVERLY BOULEVARD,MONTEBELLO,CA,906403775,34.0256826,-118.1427581,2,0
5d79bacd-0ebd-33aa-ae9f-5f4b6f28c99a,7c885741-108a-371c-9396-7e00ee2f42af,Ray930 Zulauf375,M,GENERAL PRACTICE,6010 HIDDEN VALLEY RD,ROLLING HILLS ESTATES,CA,902743651,33.7916099,-118.3570051,11,0
98f16abe-aee3-3d73-9a19-bac80135ce97,84cca529-7b3c-384b-9cfb-374d433f314e,Jennell254 Fisher429,F,GENERAL PRACTICE,331 ILENE ST,MARTINEZ,CA,945532631,38.00802860016362,-122.13329792953368,1,0
a0db5443-1827-3fc4-8d8a-f1da882fbbfc,a3832d07-ae5e-3aa8-bc55-894869bb5c08,Enoch803 Gleason633,M,GENERAL PRACTICE,9710 BRIMHALL RD,WILDOMAR,CA,925955802,33.5939372,-117.2414989,19,0
89b92f15-0a84-367f-80ea-892f5dff157c,bba22b5c-6b07-3da4-b2c5-ad665032a5b1,Reina25 Chávez927,F,GENERAL PRACTICE,19270 SONOMA HIGHWAY,SONOMA,CA,954765414,38.4580446,-122.6757784,51,0
c007a710-43c5-3d0c-9469-e5e5e2b71abf,c4acc0a4-9352-3ebc-a2b9-cc9d69057f41,Laurine214 Rau926,F,GENERAL PRACTICE,13003 VAN NUYS BLVD,PACOIMA,CA,913318316,34.26980625,-118.41715570833333,2,0
d701ba39-d796-376f-a426-4470caf6ce68,8c8ad10b-bdd2-3de9-8e75-e6ed7baec699,Elisha578 Conn188,M,GENERAL PRACTICE,1814 W LINCOLN AVENUE,ANAHEIM,CA,928016730,33.832338890533386,-117.94718515443608,79,0
52d06cee-9528-3b78-9cbc-f71630c222fc,6a36de35-87a7-3560-a691-6c19cdad5653,Whitney250 Farrell962,M,GENERAL PRACTICE,801 STERLING PARKWAY #120,LINCOLN,CA,956487327,37.3147397,-121.906191,31,0
c64cd67b-c888-313f-b614-ffa96ee3b360,c958026c-6069-39f9-aeba-56697f3a6636,Percy315 Walker122,M,GENERAL PRACTICE,616 GLENOAKS BLVD #204,GLENDALE,CA,912071778,34.1560903,-118.205187,56,0
9b310af7-797d-3c55-95b8-6c75f239b11e,d0d03432-c3c0-3927-aa99-7e90471d0b17,María José279 Romero158,F,GENERAL PRACTICE,9166 TUJUNGA CANYON BLVD,TUJUNGA,CA,910423462,34.2463435,-118.2761394,4,0
a94234f5-747a-32bc-a231-4116c68e7229,5aceb396-3bb0-37ef-81cf-7d22df54d3eb,Rochell365 Stehr398,F,GENERAL PRACTICE,25500 MEDICAL CENTER DRIVE,WILDOMAR,CA,925959681,33.5939372,-117.2414989,134,0
d6065c4e-72f9-3593-b2f5-b533aa28d2e3,48f6a52f-4125-3840-b074-efe6af8da5a8,Martín25 Batista148,M,GENERAL PRACTICE,1025 N DOUTY ST,HANFORD,CA,932303722,36.3361254,-119.6456097,76,0
f2e174a6-fd13-38d4-8cf0-9e70767830bc,3eefa792-ef8c-38a2-9c95-b7be02138d1d,Glayds212 Carroll471,F,GENERAL PRACTICE,416 PAYRAN ST,SANTA ROSA,CA,954015119,38.4404925,-122.7141049,3,0
4b1805de-f7df-369c-b78c-84de1fc75be5,72005fd8-0e86-337b-b637-bc14398bf118,Sara501 Verdugo724,F,GENERAL PRACTICE,2569 W Woodland Dr,Anaheim,CA,92801,33.849346,-117.97515,1096,0
53ea7b22-39f7-3dd8-b40e-6342f6422655,7f98ee93-2515-3ad8-ab59-9d4ecd652caa,Kylee806 Yost751,F,GENERAL PRACTICE,2131 CARLETON STREET,BERKELEY,CA,947043213,37.8617309,-122.26514310853528,1,0
98b1b28d-4dca-30da-86b4-5870f2fe08f5,efdbec59-f550-3a77-970b-32032bf11a46,Sal878 Lehner980,M,GENERAL PRACTICE,1150 N INDIAN CANYON DR,PALM SPRINGS,CA,922624872,33.839248,-116.54244075327415,69,0
194cf4d4-c483-3dd3-92d2-12754ec867ee,20ba898f-752e-327e-a5e7-378d7fc4cc38,Luz785 Amaya149,F,GENERAL PRACTICE,3201 W TEMPLE AVE  SUITE 200,POMONA,CA,917683280,34.0553813,-117.7517496,11,0
e6b8cb8a-6819-3be1-897e-88cfad682293,7c3c197d-f981-3c0b-a386-a9d45cdad240,Wanetta360 Schumm995,F,GENERAL PRACTICE,150 WEST ROUTE 66,GLENDORA,CA,917406207,34.1361187,-117.865339,93,0
7043b747-0b00-331d-abdf-ea8495660f28,e0504997-e386-3a92-9f5c-fcb3a4c50f06,Gearldine455 Cruickshank494,F,GENERAL PRACTICE,1212 FARROLL AVE,ARROYO GRANDE,CA,934203718,35.1112931,-120.60211559872941,9,0
7fa8bd08-53d5-30b8-a634-f9340cc7bef0,07f141b1-958e-3211-8fb7-b42278fd7820,Nickolas58 Gislason620,M,GENERAL PRACTICE,6425 MILES AVENUE,HUNTINGTON PARK,CA,902554315,33.98122692766888,-118.2192131015396,9,0
0a33cc3a-31d3-3fff-b952-d0e7351d0a55,59565eb7-63eb-376b-a470-677242bd5c10,Tommy814 Witting912,F,GENERAL PRACTICE,260 STATION WAY,ARROYO GRANDE,CA,934203359,35.11976855,-120.57856444973994,191,0
148d0e2d-fa1c-3f59-b9d6-2803249390cb,a9957b27-1719-3071-8100-7664b53c1989,Jorge203 Deleón21,M,GENERAL PRACTICE,5201 WHITE LANE,BAKERSFIELD,CA,933096200,35.318032409395975,-119.06036208053692,27,0
ae76e6a3-be1f-3b8f-b2ce-46269694a3cc,63061f16-2040-3917-9044-7184dcb16e2c,Marcela739 Gallegos952,F,GENERAL PRACTICE,176 HOT SPRINGS ROAD,GREENVILLE,CA,959479747,40.14007,-120.937217,4,0
7659e661-4b6a-3e33-8fcc-e4acac287359,4394dc4f-d065-3588-8407-81f86244f7b0,Eugene421 Gutmann970,M,GENERAL PRACTICE,631 S BROOKHURST ST,SANTA ANA,CA,927053916,33.7494951,-117.8732213,3,0
64f1991f-cb91-34fa-81ca-a827da658261,4baa28b9-5ab5-3553-872c-d1e615a0d438,Abdul218 White193,M,GENERAL PRACTICE,6001 NORRIS CANYON RD,SAN RAMON,CA,945835440,37.77621565,-121.95861021536575,661,0
f7e8941a-99f2-3100-bb3f-eaf056c9b742,c8fe8880-23bd-316a-b942-3d089bbb0e27,Virgie92 Ritchie586,F,GENERAL PRACTICE,15435 S WESTERN AVE STE 201,GARDENA,CA,902494324,33.8963593,-118.3053037,30,0
22599e1b-41de-37a6-80d4-a79ccc8bdb09,2413f0aa-9e0d-3422-ae43-ebee33eb0e1d,Timoteo39 Frías523,M,GENERAL PRACTICE,585 N MARY AVE,SUNNYVALE,CA,940852905,37.39260745,-122.03792304521723,3,0
a9eb0646-1c65-3481-8cdf-7bb0fa73078d,a5902b41-2f93-3011-a63e-d7d69b970425,Óscar156 Jiménez568,M,GENERAL PRACTICE,200 WEST ARBOR DRIVE,SAN DIEGO,CA,921031422,32.75531155,-117.16552466018484,90,0
df38c0b8-f029-3ffb-9847-3d4a2ca877bc,70ee6c9d-eaa8-3b88-8b8e-782a196ebdd6,Millicent213 Stamm704,F,GENERAL PRACTICE,501 MUNZER ST STE A,SHAFTER,CA,932632042,35.500962846938776,-119.27654147959184,20,0
2a23847f-e5c4-3c37-98be-102c50948430,039c0384-900a-31e7-a496-e02e7201b634,Sherman440 Ferry570,M,GENERAL PRACTICE,1110 N BLACKSTONE AVE,FRESNO,CA,937011016,36.75694047368421,-119.7904482105263,82,0
f31b8d36-406c-3135-bd2d-393eccbbf224,7231fcfd-192d-34ef-859e-c0470a6aac35,Isidro558 Kling921,M,GENERAL PRACTICE,111 RALEY BLVD,CHICO,CA,959288351,39.715956612244895,-121.79151138775511,471,0
a97f7207-2dfa-3afe-961a-ba7476619f49,64800821-0906-3b48-8eb7-47796756d9cf,Toby274 Corkery305,F,GENERAL PRACTICE,2776 PACIFIC AVENUE,LONG BEACH,CA,908131714,33.807103,-118.19307252961471,25,0
cc29610e-0673-3cfa-8b11-052051e1c7ab,df1fba3c-2ede-3565-8816-d61ab0dab0a5,Ángela136 Olvera69,F,GENERAL PRACTICE,7798 CHERRY AVE,SAN BERNARDINO,CA,924111232,34.1122776,-117.4890206,28,0
624d3dfb-f949-30ab-9247-8cbb33631a5e,4192b71c-bb48-3f9c-9c21-a15e062ccf37,Reba58 Boyer713,F,GENERAL PRACTICE,1530 E CYPRESS WY,SANTA MARIA,CA,934545900,34.950933,-120.410711,1,0
65471a6e-324f-3f3d-aac8-ec69366392e9,36ee72fd-46b9-3f1c-8f38-179e23bfd3fb,Ashley34 Terry864,M,GENERAL PRACTICE,6848 MAGNOLIA AVE STE 220,RIVERSIDE,CA,925062858,33.94950803779398,-117.39885513248923,29,0
d3051809-e4e0-3fbf-8ba2-192e0a4d5f63,d21b191f-27a0-39fc-aa50-3a14a1299afa,Humberto482 Nitzsche158,M,GENERAL PRACTICE,1798 N. GAREY AVE.,POMONA,CA,917673027,34.07721975,-117.75058962241243,145,0
5ff9714e-d1d4-3b9d-9383-0f4cd872729f,c99ef173-d37a-3af6-a526-e9d2494c0b95,Rosann381 Stehr398,F,GENERAL PRACTICE,2150 MAIN ST,GROVER BEACH,CA,934332263,35.1209452,-120.621837,17,0
79fdac58-2d61-3370-b3bc-33afbf7eece7,3b7e2c48-1df5-3ed4-9580-f5795f8ee7b5,Abraham100 Kerluke267,M,GENERAL PRACTICE,1441 W STATE ST,EL CENTRO,CA,922432800,32.791635426909146,-115.56921086769675,30,0
2ce4f145-8c83-32d3-a605-70c98851582a,dfa9eda0-31c7-38e2-8c1c-62b4ec2688ff,Wendell199 Blanda868,M,GENERAL PRACTICE,2641 SOUTH C ST,OXNARD,CA,930334502,34.175400250653695,-119.18129649321871,6,0
438c6015-c01c-3957-9671-edff8b5c9048,3796efdd-bf88-3864-8b3a-67b475c4d0d4,Regena252 Shields502,F,GENERAL PRACTICE,3135 CLAYTON RD,CONCORD,CA,945192712,37.973476910324145,-122.0213002451483,12,0
63aaae20-2db4-3e7f-a8f5-844a143769a5,3e38a669-0e97-343b-8aa4-0622da8a37cf,Rosella686 Stoltenberg489,F,GENERAL PRACTICE,340 EAST BETTERAVIA RD,SANTA MARIA,CA,93455,34.92336716608467,-120.42841778364985,4,0
4ec04e6e-3165-3479-94db-bf51dc6595cf,944b4c6b-4b67-33eb-b36f-f2adc26830bf,Erich201 Becker968,M,GENERAL PRACTICE,3431 BROADWAY ST,EL CERRITO,CA,945302620,37.9154056,-122.301411,3,0
2dd134aa-09e3-39c4-94c1-8298edec5a2f,dfdc0d3d-86dc-397a-83ab-6422a2078607,Gregorio366 García15,M,GENERAL PRACTICE,5600 RICKENBACKER RD,BELL,CA,902016437,33.989166,-118.16286,31,0
a968ee84-96d6-371d-9c21-e6df7a04cd5b,f59e3010-bb3e-324f-bbe2-24f7ecca6039,Magdalena964 Griego535,F,GENERAL PRACTICE,314 N 8TH ST,SAN DIEGO,CA,921083828,32.952789,-117.260689,3,0
11e3c9be-5039-3221-88e6-1a2922d11106,fc25da33-7891-39bd-8af9-8c4dea97f93d,Omar359 Gottlieb798,M,GENERAL PRACTICE,1230 E. WINDSOR RD.,GLENDALE,CA,912052656,34.137067314285716,-118.23821219999999,1,0
76c10352-1b91-3343-9bfa-b30fbe2111c2,3fec8ac1-2c6d-3b56-ac7b-a05d1d1c4a7b,Ettie537 Baumbach677,F,GENERAL PRACTICE,23500 MADISON ST,TORRANCE,CA,905054702,33.81171330905873,-118.34768341218735,138,0
ee304d16-a90b-39ff-b05a-fe69b4d57f8d,5911931d-d939-3fba-b93d-0b1bdf14025b,Chi716 Block661,M,GENERAL PRACTICE,735 CARNEGIE DRIVE SUITE 240,VICTORVILLE,CA,923958300,34.5361067,-117.2911565,20,0
3116dd2e-55a4-39ff-b749-dad15e479b74,a5738e19-163e-3821-999a-b3118f4b8a11,Perry780 Kuvalis369,F,GENERAL PRACTICE,970 S. VILLAGE OAKS DRIVE,COVINA,CA,917240609,34.071636500000004,-117.86339299999999,3,0
ea62ea1d-30dc-3d22-bba1-4e3b3298b229,1e46223d-fa48-327f-9151-3930816089b1,Warren653 O'Keefe54,M,GENERAL PRACTICE,101 E VALENCIA MESA DRIVE,YORBA LINDA,CA,928862026,33.8901096,-117.8249705,42,0
bf560fa9-a96e-3069-bba0-ef3f9650f6dd,9a66db72-d4c7-385f-b1f2-aaecd5bfc3f0,Alfonso758 Corrales691,M,GENERAL PRACTICE,751 MEDICAL CENTER CT,CHULA VISTA,CA,919116661,32.6188528,-117.0230189178402,66,0
21ee6929-12c7-353f-b4cb-eb1e6925d496,443c4682-fd0b-32b4-be8c-98fe69c48946,Cristian531 Granados71,M,GENERAL PRACTICE,711 FAIRMOUNT AVE,PASADENA,CA,911053103,34.13310213422819,-118.1518877248322,14,0
a1f5ed27-0f45-3e04-8a94-126991810667,29960149-09bc-3ca3-98e9-80442619dfba,Andre610 Smitham825,M,GENERAL PRACTICE,336 DIABLO ROAD,DANVILLE,CA,945263417,37.82360785,-121.99636255332081,15,0
e013d489-2d9a-33ee-8fce-8a99b1d0fb56,5ac41d15-0627-3c13-ad89-b6fce6e847c4,Wynona930 Nader710,F,GENERAL PRACTICE,650 W DUARTE RD  SUITE 402,ARCADIA,CA,910077658,34.1265107,-118.0518999,5,0
38f855c7-556b-32c5-8c96-331e3dbc26da,148d052a-3467-3058-a8cc-25aaf27af0c8,Joaquín233 Terán294,M,GENERAL PRACTICE,9045 BRUCEVILLE RD,ELK GROVE,CA,957585950,38.4299335,-121.416998,36,0
27a8e07a-235f-3247-9291-639148195b52,5fe5bc14-f667-3011-bd28-16f8f610cc65,César846 Cervántez278,M,GENERAL PRACTICE,2421 ENCINAL AVE STE A,ALAMEDA,CA,945015670,37.76236565,-122.24352746828237,74,0
999cb617-b89a-3efa-8308-e2af542a1327,84bd511c-ac61-3f7b-87d1-11ae51d8369d,Kylee806 Nienow652,F,GENERAL PRACTICE,15810 S HARLAN RD STE A,LATHROP,CA,953308719,37.818864,-121.2919602,2,0
f414e029-be25-3918-aac4-3bcd53cd456f,769df896-c4ea-3bc1-809d-2157f602fcbf,Francisco472 Ocampo729,M,GENERAL PRACTICE,2500 MERCED STREET,SAN LEANDRO,CA,945774201,37.7060167,-122.16514715008631,412,0
dde3dbe6-5717-35f7-928c-b8e6b71a39c3,59b63c14-910d-31e8-b50c-164c56abef3e,Larhonda769 Stokes453,F,GENERAL PRACTICE,4085 S VERMONT AVENUE,LOS ANGELES,CA,900371942,33.8821247,-118.2913193,3,0
e2534da5-b24e-3e67-acdd-02172d8bf7ff,be555368-8769-3df1-b979-0eac1d0dab16,Fabiola106 Upton904,F,GENERAL PRACTICE,1440 MILITARY W,BENICIA,CA,945102446,38.0676742540809,-122.18211299543344,28,0
c31b6d10-0548-3a3c-b7c9-ec0a79836ae8,13c6e023-0366-3b3d-b592-5adbcebe8a82,Lena684 Bradtke547,F,GENERAL PRACTICE,4223 GLENCOE AVE,MARINA DEL REY,CA,902928821,33.9776848,-118.4486479,23,0
12630e8d-e51c-3db8-8196-57bb060aa7bb,b9e3e31b-bf5f-3786-919c-c9597bf530d9,Ronni748 Harris789,F,GENERAL PRACTICE,801 S. CHEVY CHASE DRIVE,GLENDALE,CA,912054433,34.1366667,-118.2405556,59,0
79b66b0c-538b-30a7-af4f-07af63af83c5,eef201b1-e5d8-3424-b7a1-9b3909bf1962,Beau391 Lockman863,M,GENERAL PRACTICE,1652 MONO AVENUE,SAN LEANDRO,CA,945782020,37.7249296,-122.1560768,1,0
189a6cf7-0e67-3d16-8bf0-fb5c749700a0,0342b793-d0d4-3013-9e30-985f925d832f,Marcellus830 Treutel973,M,GENERAL PRACTICE,361 E GRANGEVILLE BLVD,HANFORD,CA,932303054,36.34254251020408,-119.64200551020409,1,0
566fe4c9-cadf-3c3b-99c2-ef2060176487,5ae9aa34-5c92-328e-802e-6a02987eb9d9,Maryetta775 Bartell116,F,GENERAL PRACTICE,23845 MCBEAN PKWY,VALENCIA,CA,913552001,34.39823345,-118.55308717938074,32,0
6ad8c813-a2b0-32f2-9411-2eae4ddf8eec,7d71ecfb-edc4-38a8-9724-c004eb786445,Marcellus830 Stoltenberg489,M,GENERAL PRACTICE,2200 TUOLUMNE ST,VALLEJO,CA,945892523,38.12982701886295,-122.23968209761412,2,0
1f9e0f4f-78dc-3d34-994a-3c9c3030ea3d,a192c8b8-bcad-3769-886d-d239d2d375b8,Clemente531 Weissnat378,M,GENERAL PRACTICE,2121 PINE ST,SAN FRANCISCO,CA,941152829,37.78799255,-122.43107340571919,1,0
84daf1cb-2b30-3d2a-a044-5a458deb3889,4ca8b1b2-092e-30a4-a16a-07043c25021a,Luisa710 Vargas494,F,GENERAL PRACTICE,9381 E STOCKTON BLVD STE 216,ELK GROVE,CA,956245070,38.380975,-121.366132,59,0
c577e366-0827-3aa0-8ab1-b02b072ec00f,eb4e1f32-19ad-394d-9f6e-272161f73aec,Rodolfo763 Bergstrom287,M,GENERAL PRACTICE,303 HEGENBERGER RD STE 400,OAKLAND,CA,946105097,37.7349435,-122.1982437,68,0
559e44dc-b647-3167-ada9-f4e1aaba0780,8a18c858-06a4-3fc4-9ac4-83c35cce847b,Alfred550 Goldner995,M,GENERAL PRACTICE,2500 ALHAMBRA AVE,MARTINEZ,CA,945533156,38.0066652,-122.13250717569375,16,0
e861f8a5-1b32-30e7-9b2f-f6020e522810,12d23870-c6a4-3753-a1b2-a0739290244f,Minh326 West559,M,GENERAL PRACTICE,1648 TYLER AVE,EL MONTE,CA,917312633,34.047523408163265,-118.04179114285714,1,0
b9a0bc81-6883-3c93-a951-3fbcb979b93a,6ec709b9-098e-3409-b27c-67cc54d072d3,Don899 Kulas532,M,GENERAL PRACTICE,6912 AJAX AVENUE,BELL GARDENS,CA,902014057,33.97044568580428,-118.16275768945522,6,0
b9946435-9e3d-318b-bb04-c96fa824c7dd,bbf7173c-2620-3210-8a75-8643167fb89c,Stephane228 Lesch175,F,GENERAL PRACTICE,6417 HAVEN AVE STE 110,RANCHO CUCAMONGA,CA,917373804,34.1375813763621,-117.5757533565586,25,0
61123e8a-4ff6-3137-b7a0-c3d62df18e54,0045bce4-3162-3727-a9f6-2baa0b5c25ab,Cecil300 Senger904,M,GENERAL PRACTICE,1044 HEARTWOOD AVE.,VALLEJO,CA,945915637,38.10523063851168,-122.21135294815464,1,0
cd681bfe-2d9a-317f-a7b6-ccb9e32109df,141f5e1e-91d0-39b5-bf7d-a1dfd2e47d45,Tabetha269 Howell947,F,GENERAL PRACTICE,2120 CIENAGA,OCEANO,CA,934459016,35.09826244630872,-120.60789850335571,80,0
2a3ae6ec-4aee-37d2-bcd9-b269308380ca,fde8c1f6-411e-3a6b-bba1-3248489fa3ee,María842 Agosto501,F,GENERAL PRACTICE,23442 EL TORO RD,LAKE FOREST,CA,926306992,33.6222427,-117.6971815,1,0
fdf9b369-5f9a-3ab9-95c1-91c09bcc8dda,d999b41e-3619-3a26-aa14-a7ded72f8626,Yajaira121 Hettinger594,F,GENERAL PRACTICE,2800 S VENTURA RD,OXNARD,CA,930334905,34.1752246,-119.194913,31,0
4a992ea8-ed7e-31f1-b465-bb1c1f650733,768ac28d-11f9-37c2-b12b-390dab78e30f,Kerry175 Goyette777,M,GENERAL PRACTICE,855 NORTH FAIRFAX AVENUE,LOS ANGELES,CA,900467207,34.0869404,-118.3617405,3,0
2beb98f7-20f8-3899-80ce-d23f8da22131,f30c4692-6edb-3404-aeb6-6919e344298a,Víctor493 Zambrano764,M,GENERAL PRACTICE,220 HOSPITAL DR,VALLEJO,CA,945892517,38.13115994741174,-122.23971890265432,57,0
62e5eeb4-5979-37b9-b8c2-84db51a1bc5b,37e05597-7c74-3054-afd7-2a649c22f319,Alfonso758 Franco581,M,GENERAL PRACTICE,8856 ARLINGTON AVENUE,RIVERSIDE,CA,925031365,33.945921,-117.46742024226165,53,0
f74c8c0d-f54e-33d9-83f6-e3fcd3701156,a82d9658-9640-358b-8ade-96d7bea726db,Quinton758 Kuhic920,M,GENERAL PRACTICE,3202 DUKE STREET,SAN DIEGO,CA,921105401,32.752555,-117.219049,14,0
1201768d-618b-3d30-805b-afe0bc18c618,ee62229e-4e2c-3251-a1bc-4cb114e59cca,Phung894 Williamson769,F,GENERAL PRACTICE,1145 W REDONDO BEACH BLVD,GARDENA,CA,902473511,33.89312165,-118.29505014585055,132,0
c9785bfe-060b-32df-ab84-77b51e73d9e5,df0b0e50-b867-347b-88e6-db37be2b6b1a,Clay913 Roberts511,M,GENERAL PRACTICE,505 PARNASSUS AVE,SANTA ROSA,CA,954045202,38.4404925,-122.7141049,69,0
6bb3fff4-b58d-3998-abf8-4a6d2ca9e593,586035fe-388f-3eec-afda-dfd851d038b6,Calandra120 Hackett68,F,GENERAL PRACTICE,847 W CHILDS AVE,MERCED,CA,953416862,37.288286,-120.49705608163265,29,0
4abb58d9-359c-3f2b-b79c-a752883c6d78,dcea0d70-09b7-3975-bd3f-95ba0f6b4323,Sonia106 Almonte426,F,GENERAL PRACTICE,1325 E. Cooley Drive  Suite 101,Colton,CA,92324,34.054634,-117.30536,203,0
ab3b81e4-cc4f-3406-8340-ec9a629a2905,40e1988a-b43d-35d9-bdfe-255063a172e8,Michael441 Grady603,M,GENERAL PRACTICE,1444 S MAIN ST,SANTA ANA,CA,927071717,33.727399,-117.868102,61,0
51aa3c80-a457-3889-b6a4-4f0ab4ae93fa,f1e8e08d-eaed-3d41-be5a-05ff362076bf,Ricardo560 Gastélum330,M,GENERAL PRACTICE,17500 FOOTHILL BLVD STE A2,FONTANA,CA,923353798,34.10676,-117.422601,80,0
f7aa160e-b83a-383e-ba6d-76c167b85d01,8aec2796-d30e-324f-814f-8c55e1de391d,Alden634 Langworth352,M,GENERAL PRACTICE,1517 KNICKERBOCKER DR,STOCKTON,CA,952103119,38.02433255157474,-121.29388051574736,3,0
82e158d9-369c-3ba7-a072-29b3d3cc5289,ae35a9f0-7a7f-3058-b6b7-8919f760a245,Gussie514 Mosciski958,F,GENERAL PRACTICE,2425 GEARY BLVD,SAN FRANCISCO,CA,941153358,37.7822139,-122.442708,3,0
99a6c851-c6ab-375d-b4a9-6ba44b4a17cd,e57d6004-53bd-3351-9a8d-1fee7102222c,Arron144 Koelpin146,M,GENERAL PRACTICE,1812 VERDUGO BLVD,GLENDALE,CA,912081407,34.2045076,-118.21622331598934,401,0
44d985de-c197-3c12-9958-dfa4b15f25c9,d68ed629-cb39-39fc-bfc2-1cb2284b8cde,Jessenia588 O'Connell601,F,GENERAL PRACTICE,792 MERIDIAN WAY,SAN JOSE,CA,951263879,37.31321465,-121.91322580546904,3,0
418ae56d-3766-3584-97c2-fc1e14fc09cc,5a635df9-7926-3d94-88ef-1257964d62d1,Lakeesha370 Hirthe744,F,GENERAL PRACTICE,10294 ROCKINGHAM DRIVE,RANCHO CORDOVA,CA,95827,38.57391558333334,-121.3070725,5,0
429532f2-9bd3-3640-9b09-06ac3d3ebe57,3477d585-ad10-3b42-aaf7-8edf975dff4d,Reina25 Bravo546,F,GENERAL PRACTICE,315 EAST 13TH STREET,MERCED,CA,953408787,37.29257537878788,-120.47365121212121,36,0
abaf3417-6fb0-37b1-b0a8-0c683c6cd962,4473f6c8-1e92-39d7-b676-c3846e15ce79,Alan320 Upton904,M,GENERAL PRACTICE,1981 CIENAGA ST,OCEANO,CA,934459029,35.098268510067115,-120.60856271812081,15,0
969e9dc7-794e-3a7d-a3cf-796c38cbe958,d06458ec-71e8-3e20-92d8-541772990f5c,Freddie621 Lockman863,F,GENERAL PRACTICE,1141 E COLORADO ST,GLENDALE,CA,912051308,34.1427245673606,-118.24085622638388,2,0
ee6c3bb3-d8c7-3ce9-b48c-d2a168911ee7,db676591-a4f7-354a-91d3-06ab697fc5ab,Alonzo487 Reynolds644,M,GENERAL PRACTICE,2360 PACIFIC AVENUE,LONG BEACH,CA,908063051,33.800101125,-118.19360779166666,46,0
50e0d1ad-5199-3d64-9b5a-1012df6ac342,aabbd845-c029-33d9-9e54-85e12126bafa,Kurtis994 Weissnat378,M,GENERAL PRACTICE,84110 MANILA AVE # B,INDIO,CA,922017128,33.7192808,-116.2188054,24,0
2337d1d6-c679-38ea-ae35-501cee6ff6da,cdeba70d-a301-3982-8f31-f33bc24bddcd,Blanche121 Nienow652,F,GENERAL PRACTICE,260 RACETRACK STREET,AUBURN,CA,956035422,38.890197,-121.08015284260273,4,0
fef111d7-3971-30cd-af5d-0696dbf1be5e,bae5db09-eefa-382c-b77d-418416442913,Ángela136 Ruiz676,F,GENERAL PRACTICE,1601 S BALDWIN AVE,ARCADIA,CA,910077930,34.1362075,-118.0401497,1,0
16eed889-ae7c-36be-bd4e-855903cfc61f,b8acb89a-d588-3d89-942b-8a334c348a77,Raquel318 Partida347,F,GENERAL PRACTICE,1505 S BALDWIN AVE # B,ARCADIA,CA,910077925,34.1362075,-118.0401497,32,0
f7c48b38-c774-35fc-9658-85cb631f4bcd,50ddf6dc-e168-3342-abdd-120d136bcb3f,Ramón841 Deleón21,M,GENERAL PRACTICE,3160 E DEL MAR BLVD,PASADENA,CA,911074649,34.1421212244898,-118.085818,61,0
4f30576c-6794-38ec-9af9-126d584f019b,a96231f8-1ff5-35e2-8fed-fea829614de3,Crystle668 McCullough561,F,GENERAL PRACTICE,2900 E DEL MAR BLVD,PASADENA,CA,911074375,34.140785550000004,-118.09126168355593,1103,0
6edf0c3b-7d53-3329-b034-197c657d21c9,30711c21-a447-3352-80f5-d97760825d38,Tracey100 Hamill307,M,GENERAL PRACTICE,115 MALL DRIVE,SELMA,CA,936623241,36.5711781,-119.6245385,205,0
4fd9072d-e070-3b1a-b23e-72691b8ed682,18a70090-0f15-3f2a-8c5a-a6f0e913e771,Garry927 McKenzie376,M,GENERAL PRACTICE,23600 VIA ESPLENDOR,CUPERTINO,CA,950146516,37.3382162,-122.08863205958173,1,0
291332a5-9140-3ca2-ac30-5b559b332933,0932b16c-1ac4-3053-9aaf-c1deb57f5bb7,Susana117 Martínez540,F,GENERAL PRACTICE,41889 E. FLORIDA AVE,MENIFEE,CA,925866547,33.6864432,-117.1770437,73,0
38d0cc41-6f0e-3654-abf3-17f5ca14d22a,d80ac919-f93c-3662-9a7f-289de7115243,Coretta598 Muller251,F,GENERAL PRACTICE,819 S VERMONT AVE,LOS ANGELES,CA,900051522,34.05725511764706,-118.2917244117647,1,0
5d59104b-eb6e-35e9-ab65-026b7f8a40c0,c1fbacb0-3b5f-3018-9101-7c60e12c2de2,Basil991 Wilderman619,M,GENERAL PRACTICE,13101 HARTFIELD AVE,SAN DIEGO,CA,921301511,32.95616930412233,-117.22995501997715,10,0
3638e4ac-7e2a-3f16-bb85-d6ff57be4ab8,a51a824a-d85b-3ce4-bf1f-8eaf1304feef,Elwanda490 Little434,F,GENERAL PRACTICE,1305 BEAR MOUNTAIN BOULEVARD,ARVIN,CA,932031231,35.20896603517588,-118.83892430653266,4,0
0f1dd77c-5c34-35e2-bbbd-6762a1c2b0c7,72327fe0-e203-3831-9b93-a7aa3a4fc14e,Cyndy549 Spencer878,F,GENERAL PRACTICE,601 HIGH ST UNIT E,DELANO,CA,932152299,35.7688425,-119.2470536,3,0
19ba7904-3595-3663-99bc-63b7d52dcb54,ab5348cd-7f81-3433-8df8-df6fc3c32843,Kristopher775 Bednar518,M,GENERAL PRACTICE,1139 CIRBY WAY,ROSEVILLE,CA,956614421,38.729561,-121.275043,5,0
9a076c00-0ad2-3e7a-9c59-5d31a96ce057,f4c44e01-a0bd-3d94-bc30-531aaa7bf7ac,Nicholas495 Greenfelder433,M,GENERAL PRACTICE,11878 AVENUE OF INDUSTRY,SAN DIEGO,CA,921283423,32.991603,-117.074722,54,0
4ccb55b9-c3df-33ce-a27e-fd55ab35eb9c,3a444f29-9ae7-37b3-92e8-a87eabbd6850,Collene784 D'Amore443,F,GENERAL PRACTICE,1000 S ANAHEIM BLVD STE 200,CERRITOS,CA,907038509,33.8644291,-118.0539323,61,0
4f8c17a9-66b3-3f80-8f1c-21a177d54e61,57b0829d-c600-3fb3-a257-f1bdc1163471,Halina47 Bahringer146,F,GENERAL PRACTICE,2070 SILENCE DR,SAN JOSE,CA,951281652,37.35078595,-121.78933603651632,28,0
553abe47-2e96-3876-ac1d-14f371094b4c,ab6de559-d7c1-3eea-8ef0-a82b47147330,Halina47 Klein929,F,GENERAL PRACTICE,24452 HEALTH CENTER DRIVE,LAGUNA HILLS,CA,926533604,33.6073529,-117.70659170191507,2,0
3ea907e4-6e24-3708-ba2e-8e741c5286d6,4d9f75bd-d9b5-3f0d-81d5-f7a9cacc4e75,Kirk871 Wintheiser220,M,GENERAL PRACTICE,850 SONOMA AVE,SANTA ROSA,CA,954044715,38.4391527,-122.7063416,11,0
e16b5fca-a47e-378f-a6ee-7996b992c72e,0de16e8e-88a9-3600-ad17-f3dafda8e867,Leopoldo762 White193,M,GENERAL PRACTICE,10410 COLOMA RD,RANCHO CORDOVA,CA,956702108,38.597777,-121.303574,2,0
2b92e171-ef9c-3861-93ff-1e136cfcf309,f9ad63a9-cf93-39ce-ac6d-35555a8e2824,Cindie288 Dach178,F,GENERAL PRACTICE,301 S FAIR OAKS AVE,PASADENA,CA,911053132,34.1405,-118.150518,28,0
bf685f9f-f420-3435-8cdd-ae23678661b2,bf2045b2-b5b7-326c-bcb0-ff93f9fe2caf,Ignacia942 Jaskolski867,F,GENERAL PRACTICE,2725 PACIFIC AVENUE,LONG BEACH,CA,908062612,33.806705755102044,-118.19380326530612,1,0
706e354c-ad5b-35de-b98a-ac3c45f8b478,cb51812c-2cba-381b-b796-5cfd7b75cd59,Josephina269 Bechtelar572,F,GENERAL PRACTICE,2500 GRANT RD,MOUNTAIN VIEW,CA,940404302,37.36885985000001,-122.079862859814,101,0
3bd49a24-9350-3426-ae4f-26f010ad1231,1687289e-2d15-3e15-a6b6-d87dabb97ff2,Milda157 Schoen8,F,GENERAL PRACTICE,1111 Howe Avenue Suite #390,Sacramento,CA,95825,38.584957,-121.41534,535,0
2cc7d755-21f9-318e-b9fb-6b53c7991bf6,4c4b7c7a-19f1-3d79-80ef-a358cb31cc3c,Angel97 Stoltenberg489,F,GENERAL PRACTICE,31581 CANYON ESTATES DR,LAKE ELSINORE,CA,925320424,33.66559598282862,-117.29593438898715,107,0
d48c997d-07c4-3154-be8b-32d2247ed96d,0b0681be-ccac-31e1-9943-32fe714b9fed,Deandre599 Windler79,M,GENERAL PRACTICE,2231 SOUTH WESTERN AVE,LOS ANGELES,CA,900181302,34.0536909,-118.242766,1,0
4deef888-dfd5-399a-9d71-4deedc984a71,364879b9-e5e5-326e-8352-b45f8229b168,Clement78 Weber641,M,GENERAL PRACTICE,1665 M ST,FRESNO,CA,937211121,36.742328900000004,-119.79448041908859,2,0
0290a250-613d-3d02-ad01-494e4dc19fbc,5c27db48-1a2c-3e47-a497-3689ea196992,Sean831 Will178,F,GENERAL PRACTICE,9221 SIERRA COLLEGE BLVD,ROSEVILLE,CA,956615919,38.73454941499018,-121.22576257458509,4,0
57aa745f-db57-3c3f-897a-c0488498494f,54c616ba-7a6a-3c81-9bfc-7f15b1ce5f18,Sherwood961 Berge125,M,GENERAL PRACTICE,1425 WOODSIDE DR,SAN LUIS OBISPO,CA,934015936,35.2656816,-120.6386842,5,0
3d9d1700-d495-3ac8-bab9-34ad0ae7c269,171a1ad0-a354-30bd-901a-a0a9c580fdad,Reina25 Pagan507,F,GENERAL PRACTICE,2520 STANWELL DR STE 100,CONCORD,CA,945204819,37.98520210356726,-122.04812446531203,2,0
2e252cbf-3aa3-36d6-bdab-957eab2347be,4bf9b662-9915-3ee5-bd84-03d0a642628a,Darleen361 Rippin620,F,GENERAL PRACTICE,1480 S. LA CIENEGA BL,LOS ANGELES,CA,900353715,34.0536909,-118.242766,7,0
ecf2b671-b3e8-3d77-a295-dabacf9fc205,bdb0e1a7-3fe2-3a3b-b1d6-21c3de3e009f,Hiedi833 Bins636,F,GENERAL PRACTICE,2468 S ST ANDREWS PL,LOS ANGELES,CA,900182042,33.9319856,-118.3112937,1,0
518e7bad-7722-372a-98f9-488fbcb80866,76f8cd42-e2f5-39b6-aa00-aa20f9efa5b8,Veronika907 Rogahn59,F,GENERAL PRACTICE,1300 W 7TH ST,SAN PEDRO,CA,907323505,33.739339099999995,-118.30668535728435,62,0
b451293a-dec4-354a-bbfe-4ae6fb52f085,a50cda1d-3507-3be6-b10c-62724719885b,Matthew562 Boyer713,M,GENERAL PRACTICE,1100 W STEWART DR,ORANGE,CA,928683849,33.7500378,-117.8704931,582,0
c28ecf74-895b-3d14-8769-050218000fa6,6794b488-6fc7-3959-812f-d952d8e2c732,Jules135 Emard19,M,GENERAL PRACTICE,23700 CAMINO DEL SOL,TORRANCE,CA,905055017,33.810236,-118.343841,149,0
3e558b86-3c7e-3001-9537-4775e373241f,a4923b9e-f126-3e2e-8b8f-d472c4f63a1e,Leland44 Waelchi213,M,GENERAL PRACTICE,1414 S GRAND AVE STE 380,LOS ANGELES,CA,900153072,33.731632,-118.290059,38,0
a2d61d6f-ebfb-30dc-a2c2-35a2789ff485,016744a7-82d4-30d3-94c2-318d371a3c9c,Wynell591 Mayert710,F,GENERAL PRACTICE,430 EAST AVENIDA DE LOS ARBOLES,THOUSAND OAKS,CA,913603017,34.21747325,-118.86943750224539,939,0
4e681795-51e3-3d72-b7e8-43619fd19756,1622f93b-9e7a-369a-aab6-40b7cd928e96,Shanna635 Sauer652,F,GENERAL PRACTICE,370 S CRENSHAW BLVD SUITE E202L,TORRANCE,CA,905031729,33.79214,-118.333261,12,0
d1d0db6f-4ef8-3809-8f31-7eb71699097e,455a17d6-da7c-30c2-9bc7-caec65b413d7,Miguel815 Ochoa950,M,GENERAL PRACTICE,2424 M STREET,MERCED,CA,953402808,37.30925622448979,-120.48052991836734,1,0
bfb81a42-65e0-3790-90c6-ca5b6daa8120,8fb4c789-a977-3026-812c-17f80918205a,Waylon572 Kovacek682,M,GENERAL PRACTICE,1600 N ROSE AVE,PORT HUENEME,CA,930413220,34.1477558,-119.1951559,62,0
8522c639-af4b-385f-b326-d77457c1ba23,389b93b5-76d3-3e38-9f4d-b293b6411dd2,Tierra831 Gusikowski974,F,GENERAL PRACTICE,2233 WATT AVENUE  SUITE 330,SACRAMENTO,CA,958250571,38.60444137349398,-121.3830523373494,3,0
d7cdde89-c48e-3a2a-b342-4a1c3046a526,cb588bed-cdc5-3fbe-8d53-54b4df921da1,Kai187 Mann644,F,GENERAL PRACTICE,2633 E 27TH STREET  BUILDING B,OAKLAND,CA,946011912,37.7906968,-122.2225346,93,0
3c8710a3-fa6a-3826-8f52-29bd80079f0b,9fbb405b-c4a8-316d-9ff3-c3a5cc923fce,Edmund685 Koss676,M,GENERAL PRACTICE,16070 TUSCOLA ROAD,APPLE VALLEY,CA,923071691,34.54364013494079,-117.26919684098566,21,0
e5aeec04-ea7d-3d2e-be9f-0e1a238fc38c,0a94f8e3-f3da-3e84-a802-cd7d12466c28,Maricruz991 Considine820,F,GENERAL PRACTICE,1415 ROSS AVENUE,EL CENTRO,CA,922434306,32.780552400000005,-115.56852244658454,67,0
80f90ab0-8101-3d78-9151-64e2ff433a19,ff93a79e-b3f2-3f36-8e05-c19b788d3e91,Isabel214 Armenta418,F,GENERAL PRACTICE,5900 STATE FARM DRIVE  SUITE 200,ROHNERT PARK,CA,949282149,38.3538888,-122.70656830027599,234,0
9f10854f-18cf-319e-a877-efb44ad28f62,2a0482fa-4548-32cd-ad4a-bfd9ef9d343d,Lemuel304 Sauer652,M,GENERAL PRACTICE,5320 CARRINGTON CIRCLE,STOCKTON,CA,952103515,38.00515673928312,-121.29381298430118,1,0
a483cc01-d00c-3600-95fc-c8c9fde685bc,542134b9-c3de-3060-8d9b-c540f464c86d,Merle11 Lemke654,M,GENERAL PRACTICE,6705 COLUMBIA WAY,LANCASTER,CA,935361233,34.6456338,-118.2293171,1,0
0abd39a6-ced6-3f86-aaaa-3d35746841c6,fe0cdce9-610e-3983-9df5-c7dccb8cfcae,Pamila110 Cummerata161,F,GENERAL PRACTICE,1661 SOUTH EUCLID AVENUE,ONTARIO,CA,917625826,34.0434048688291,-117.6512017570574,11,0
81c040ee-7a21-30f2-8c12-3efca8e21417,dc7faa25-1674-3884-8e2c-0867b6ef36e4,Zonia753 Heidenreich818,F,GENERAL PRACTICE,209 BIRCH STREET,WESTWOOD,CA,96137,40.3009736122449,-121.00201971428571,35,0
bb36f4e0-5e0b-3dea-a23a-b4a8037a8e37,85f4f85d-e3e2-3765-a6a9-d0980b160664,Yuko264 Mueller846,F,GENERAL PRACTICE,2500 ALHAMBRA AVENUE,MARTINEZ,CA,945533156,38.0066652,-122.13250717569375,15,0
39b792a6-a50c-33c5-986b-f1064b2f989c,3b6fddb9-2740-314f-a080-fa2c43a7bea7,Norbert530 Reinger292,M,GENERAL PRACTICE,1801 E MARCH LANE  SUITE D-470,STOCKTON,CA,952106677,38.00265360535117,-121.28866612040134,17,0
d06167e0-1e9d-3035-bea4-9bd13e010c1e,776bce57-6e00-3f13-8c7c-0b182e4a2570,Tristan353 Glover433,M,GENERAL PRACTICE,3318 WILLOW PASS ROAD,CONCORD,CA,945192316,37.98244384125822,-122.01719987096313,41,0
621e5fe1-25cd-3795-99b2-36a18f386587,7e7e0fc8-afbb-38c5-9c4e-e5a15f8f7828,Denisha680 Schmitt836,F,GENERAL PRACTICE,2333 BUCHANAN STREET,SAN FRANCISCO,CA,941152328,37.79050015,-122.43230860491363,37,0
4e04f4e1-72f6-3b63-97da-0ad4dfae1068,05b6ab2a-0893-31bb-ad07-cac2ac91a591,Teresa94 Nazario58,F,GENERAL PRACTICE,622 ACADEMY AVE,SANGER,CA,936572423,36.70749733300439,-119.55604029092957,27,0
a6d6f77b-ba1d-38e8-ae01-03d93b620db8,ea6dda29-6b69-3f98-b32b-64f0448a3fe5,Hector463 Boyer713,M,GENERAL PRACTICE,500 DOYLE PARK DR,PETALUMA,CA,949546655,38.2325829,-122.636465,56,0
5230a8e1-4c1e-3fcd-902f-9c27bdc2188b,45ef3488-ab59-36bf-af04-ac7f66f0b298,Leigh689 Kreiger457,M,GENERAL PRACTICE,2725 E. BROADWAY,LONG BEACH,CA,908035431,33.765787260869566,-118.15999773913043,7,0
ebdf8928-89b4-3233-b8fb-ee9dcd7596ba,5b687010-3395-308e-9cea-91913ec9cccd,Vanita165 Bartell116,F,GENERAL PRACTICE,200 WEST ARBOR DRIVE,SAN DIEGO,CA,921039000,32.75531155,-117.16552466018484,38,0
8fe7ae69-23df-3821-aec1-ce895e25a0ac,a2dda7e6-0225-3bd0-8b6b-d47434724116,Houston994 Olson653,M,GENERAL PRACTICE,5400 E. Olympic Blvd. Suite 140,Commerce,CA,90022,34.015686,-118.1557,454,0
62f3f525-9176-314a-8d19-7068f536aadc,8c1691cf-ac9e-397b-8b77-0cb38355c041,Raymond398 Schuster709,M,GENERAL PRACTICE,1401 SOUTH GRAND AVE,LOS ANGELES,CA,900153070,34.03796115,-118.26580169987598,50,0
8183bd77-d84b-36ac-bf07-ddff304f3599,05fed6cc-7a8e-3653-a431-b0aed176e90c,Lindsey52 Adams676,M,GENERAL PRACTICE,3001 E FLORENCE AVE,LOS ANGELES,CA,900373038,33.973244,-118.215206,51,0
3e9951b2-bb44-3592-ac0e-238fbc4c3182,1784a39d-9db8-305b-a70d-3ef588771a76,Marisol435 Covarrubias273,F,GENERAL PRACTICE,5888 EDINGER AVE,HUNTINGTON BEACH,CA,926491705,33.72984613552585,-118.0260489767774,6,0
10da6651-7272-38ef-9a7c-5077dd6e76e0,17bb4cdd-014e-3312-91fe-be3f22d47dd6,Linwood526 Parisian75,M,GENERAL PRACTICE,27660 SANTA MARGARITA PKWY,MISSION VIEJO,CA,926916674,33.65330241792983,-117.64728430947883,3,0
3a8d18c1-ad6b-3b0f-a470-8e8315397434,3aa1217b-9b83-30b9-9693-e715579fb619,Sharda101 Harvey63,F,GENERAL PRACTICE,1349 CAMINO DEL MAR,DEL MAR,CA,920142553,32.958476,-117.264597,77,0
4a8d1e30-53a7-3ae9-afec-07c107a4c5be,98e95dcf-b188-3620-a184-8fe703dbc82b,Randell912 Marvin195,M,GENERAL PRACTICE,1971 UNIVERSITY AVE,RIVERSIDE,CA,925075263,33.975735,-117.354227,28,0
800776fc-cba1-39e3-9a17-e21abaf17207,e6933be1-0433-339f-b970-2b2d757244b6,Manuel446 Ondricka197,M,GENERAL PRACTICE,8599 Haven Ave.  Suite 102,Rancho Cucamonga,CA,91730,34.095577,-117.57578,163,0
1d6aa179-e8e3-3b36-988b-10829d8ff2ea,15666fe3-fd9d-374d-9d11-ab5081718aab,Armando772 Guerrero997,M,GENERAL PRACTICE,1039 W FLORENCE AVE,LOS ANGELES,CA,900442441,33.97469745454545,-118.29249681818182,66,0
94c875f5-80fb-346c-84d3-494998121c61,67101bdb-0f06-3f13-a5a0-2644855bafd2,Rufus33 Will178,M,GENERAL PRACTICE,2020 DEL MONTE AVENUE SUITE B,MONTEREY,CA,939402401,36.5999545,-121.8851049,2,0
cb1b8b49-48a7-389f-8bbf-0234d4f86b0c,9a3cf483-b0da-37c5-bee7-244896c91310,Mauro926 Bartell116,M,GENERAL PRACTICE,39 BIRCH ST STE A,REDWOOD CITY,CA,940621483,37.48862905,-122.24037725,10,0
97e62757-c76c-39f3-bdb9-b2c1fec7fa64,79d0d18b-d907-334f-b400-8e77f4a3b28c,María Eugenia578 García15,F,GENERAL PRACTICE,1401 W 1ST ST,SANTA ANA,CA,927033757,33.74572395,-117.88713665,11,0
2a084914-b6cb-38c2-ad03-9d2664b7c47a,864f7b26-cbea-3254-a742-b779120264db,Daniel959 Ramos754,M,GENERAL PRACTICE,600 NUT TREE RD,VACAVILLE,CA,956874686,38.36138106136888,-121.9495832763696,32,0
e9696231-b531-3c0d-a72a-aade080ea1e4,03505e2c-5bf5-3c82-ac41-74868b4b0fe3,Leonor133 Velasco179,F,GENERAL PRACTICE,12882 SHACKELFORD LANE,GARDEN GROVE,CA,928415109,33.775642,-117.9715996945946,1,0
cdd2b7fb-e05b-35d6-b7d1-601c9b1f8471,ed5b6aa0-0c7f-3c00-b266-72934ac847f7,Carla633 Armenta418,F,GENERAL PRACTICE,1390 E LASSEN AVE,CHICO,CA,959737823,39.7730893287253,-121.83898216305452,3,0
71d64074-671e-31e6-ac0d-d776329b08c6,da17a861-ece9-35f8-b88e-3d6d7b31a839,Shaun461 Hintz995,M,GENERAL PRACTICE,1625 E 4TH STREET,LOS ANGELES,CA,900334201,34.04303248780487,-118.22196148780489,62,0
0bff2683-0a15-3177-83be-81fb516ec600,f32f574c-4b06-39bf-91b2-a25d4c07fb53,Fae378 Shanahan202,F,GENERAL PRACTICE,911 BRYANT STREET,PALO ALTO,CA,943012711,37.44280325,-122.1561216860666,6,0
2b383ca4-865b-3277-b439-ec85d5b65a5d,8737c34d-b0ac-3b3b-9cee-f56a29e496d4,Kyle55 O'Hara248,F,GENERAL PRACTICE,3630 BUSINESS DRIVE,SACRAMENTO,CA,958202163,38.54162796619488,-121.41935982898904,5,0
748293e5-1eb4-3d76-89ef-ce6ed459ff37,c5728870-bb20-35bd-8e69-6d94c17c2e29,José Luis472 Armijo730,M,GENERAL PRACTICE,2001 DWIGHT WAY,BERKELEY,CA,947042608,37.86306425,-122.27091380518019,84,0
ce9b4ddd-ee70-32bf-957d-401e1aef6662,4a2ef437-88f5-3351-86c7-2b12831892c7,Alishia395 Bashirian201,F,GENERAL PRACTICE,3133 PROFESSIONAL DR,AUBURN,CA,956032463,38.8945939,-121.0739897,29,0
6ef541e2-f103-31a2-aa1c-183e055f9422,b6f91529-9b2b-3d2c-be75-d06d3be36a15,Patty600 Bashirian201,F,GENERAL PRACTICE,860 OAK PARK BLVD,ARROYO GRANDE,CA,934201800,35.132906750000004,-120.60528099036736,524,0
4bd125f3-46b9-3416-b2a5-d441c4e5b8c1,23bcc3b4-b87b-3c08-9cdf-e06866b59ab2,Johnathan55 Farrell962,M,GENERAL PRACTICE,110 STONY POINT ROAD  SUITE 200C,SANTA ROSA,CA,954014118,38.4415113,-122.7461223,2,0
a2862952-2a48-33f2-a5ef-6a8c3da44d21,d165f18e-f02d-3be0-909d-17681fdb6dca,Lesia354 Schmeler639,F,GENERAL PRACTICE,14798 WICKS BLVD.,SAN LEANDRO,CA,945776718,37.69354512311631,-122.16343332132058,14,0
e7eeced9-b191-3d53-aa81-038851d615a8,5002025c-e9c5-3002-89ef-335d71179562,Karl184 Hansen121,F,GENERAL PRACTICE,10800 MAGNOLIA AVENUE,RIVERSIDE,CA,925053043,33.9049907,-117.46926419076487,62,0
54f6ed83-d439-3a09-9ba5-e96a4bac896f,f875a290-b6dc-3241-8413-0c329c5ada7f,Alicia629 Mata817,F,GENERAL PRACTICE,1106 S PACIFIC COAST HWY,REDONDO BEACH,CA,902774902,33.8192973,-118.3848843,2,0
4d4d23c1-914c-3e19-848d-6616e99354d0,8e86879d-cfe3-31da-9f25-3cc25791466b,Cletus494 Lesch175,M,GENERAL PRACTICE,210 S GRAND AVE,GLENDORA,CA,917414292,34.13394225354903,-117.87242913540916,70,0
233d11fc-a7a6-3b52-a5e8-c8d75598fd38,9bfc9419-64a2-3daf-8287-5c14bb792068,Nikia872 Williamson769,F,GENERAL PRACTICE,1509 E WILSON TERRACE,GLENDALE,CA,912064007,34.1469416,-118.2478471,60,0
274a17a5-700e-334b-bdba-76e04ee5da3a,889a7240-ae36-38f1-abc7-03dd0b3dd63e,Kemberly945 Hessel84,F,GENERAL PRACTICE,2160 W GRANT LINE RD,TRACY,CA,953777334,37.7537296,-121.45602757547371,1,0
25f84ee7-5eb2-306a-a1b6-7413711c5eb4,978778ad-9e5f-3890-8bcb-570d972f2d96,Federico589 Purdy2,M,GENERAL PRACTICE,5807 TEMPLE CITY BLVD,TEMPLE CITY,CA,917802113,34.10510234693877,-118.0606801632653,81,0
15b0f765-03c9-3841-9397-c6084e1a8fbb,499d5b6e-ebcb-3c89-aec7-1484a6427c68,Christie481 Jones311,F,GENERAL PRACTICE,25652 OLD TRABUCO ROAD,LAKE FOREST,CA,926302776,33.6451314,-117.68261089841164,12,0
5c1aa81c-f2ac-3b8a-81bf-509d6e5d5f3f,afe1ffd6-1d59-3031-b8ff-4c02a0283733,Errol226 Lueilwitz711,M,GENERAL PRACTICE,16925 S HARLAN RD STE 303,LATHROP,CA,953308780,37.80848556283382,-121.29629313266203,1,0
0d9ea3c3-1e6d-301a-8321-a334afa683d8,326dc80e-80e1-386d-af84-00734b98e965,Jackie93 Ankunding277,F,GENERAL PRACTICE,6071 YORK BLVD.,LOS ANGELES,CA,900423503,34.1178846,-118.1867778,2,0
744b6e23-bfc0-3e9f-86af-8fdffa50dd14,32f36021-166f-3971-9be6-2f4e4daea0c3,Antonio44 Ramos754,M,GENERAL PRACTICE,1355 CLAYTON RD,SAN JOSE,CA,951274307,37.35640215,-121.80709202705555,1,0
4ba3ddba-675e-389b-b387-0f5c2dfdc899,b453092e-ef1a-3404-82cc-e4d90dc6902e,Jackie93 Murphy561,M,GENERAL PRACTICE,920 WEST LA VETA STREET,ORANGE,CA,928684302,33.7500378,-117.8704931,1,0
7a68d464-b3fe-3fe0-94a3-afb980a81a94,f45dec7d-a901-3009-9559-7522611a62d9,Cristian531 Carrasco324,M,GENERAL PRACTICE,1100 S AKERS ST,VISALIA,CA,932778311,36.321170982311315,-119.34952402463105,775,0
6231eb40-a42b-3a06-9bf6-b72fa7856adf,f74bc2ca-3d8e-35ca-be79-fb667859d6f6,Misti388 Labadie908,F,GENERAL PRACTICE,1025 WEST ARROW HIGHWAY SUITE 105,GLENDORA,CA,917405407,34.1361187,-117.865339,7,0
fc43352a-bd64-39e9-922f-8a1468d87b7a,df41ddd8-973b-382f-b0bc-69306c416577,Yolanda648 Lira652,F,GENERAL PRACTICE,1313 TRAVIS BLVD,FAIRFIELD,CA,945334621,38.25829075,-122.05036175,15,0
47a68e73-4a52-3514-9e9c-87c0bb75a04f,a414253c-c45a-38b2-be75-75de626d75c5,Mayte822 Salas880,F,GENERAL PRACTICE,2301 W LINCOLN AVE STE 248,ANAHEIM,CA,928015148,33.832473,-117.966169,2,0
9691ec62-5df7-3890-b468-69806be7243c,f20476fb-8c2a-3e66-8ce8-b0af5ac5aaa8,Tashina114 Kessler503,F,GENERAL PRACTICE,320 E PALMDALE BLVD,PALMDALE,CA,935504598,34.579774734981505,-118.12433623386336,33,0
43ba0ab9-403c-30ff-abcc-61419798cb5b,208b0104-94d4-31a6-a7e9-b87ce9c50caa,Shela13 Crist667,F,GENERAL PRACTICE,30257 SAN MARTINEZ RD,VAL VERDE,CA,913842472,34.44731830014004,-118.66380643981067,31,0
a7800fd8-f618-3712-935e-043bb6812216,76f5af6e-1e39-3711-be65-0423cc7083b8,Sid118 Wilderman619,M,GENERAL PRACTICE,6015 WATT AVENUE  SUITE 2 & 3,NORTH HIGHLANDS,CA,956604294,38.6710975,-121.38795381804641,5,0
83d6ae35-8854-3af9-b59c-2b5b99b755d7,d1602eac-6f74-3b1d-8b2b-fad6b24bda7e,Carolina179 Báez684,F,GENERAL PRACTICE,112 LA CASA VIA STE 135,WALNUT CREEK,CA,94598,37.912818715658986,-122.04327369280529,196,0
c9f0f6fc-8d4c-3838-b8e9-1f9c5e95dde8,2552421c-2189-3703-83e3-3fcb4668820d,Billy698 Torp761,M,GENERAL PRACTICE,2919 FRUITVALE AVE,OAKLAND,CA,946022108,37.79370135,-122.21958315008712,1,0
f7affb16-40dc-3570-9edd-78f71c4435b4,0e84d730-b13b-37a0-af5f-d71fa0f56e3f,Andrés117 Nájera755,M,GENERAL PRACTICE,10841 WHITE OAK AVENUE,RANCHO CUCAMONGA,CA,917303811,34.1036866,-117.566315,58,0
1db3f49b-7846-364d-9374-098901744b99,f73b6397-0389-36f6-9e85-2100d868e6bb,Florencia449 Sáenz811,F,GENERAL PRACTICE,4434 MISSION ST,SAN FRANCISCO,CA,941121927,37.726859950000005,-122.43352893788571,87,0
5ac33c15-4a05-37f2-8cae-5d72532ea0fb,ab3a16a1-7653-30cb-8f65-8381b487fe16,Maude482 Veum823,F,GENERAL PRACTICE,10535 Hospital Way,Mather,CA,95655,38.571793,-121.297386,34,0
245d7aed-3bd9-3e98-bd72-eb8b8283f6a7,dda581ef-6419-3f07-aad0-ffa2625a06d1,Jefferson174 Nicolas769,M,GENERAL PRACTICE,82-262 VALENCIA AVENUE,INDIO,CA,922013120,33.724429,-116.2291246,3,0
1dee2486-c1ff-3c8a-b209-33596d2e82d6,06b07d66-bcf6-3a5e-9c45-5f8fc266110b,Madelene819 Nitzsche158,F,GENERAL PRACTICE,573 S BOYLE AVE,LOS ANGELES,CA,900333816,34.0400525,-118.2204042,1,0
eb7dbba1-9c8b-3199-ab73-8a0e25f4b2e6,ca731e53-3c75-3ba6-96d8-fbf415f1a1b5,Richelle340 Kshlerin58,F,GENERAL PRACTICE,1 QUALITY DRIVE,VACAVILLE,CA,956889494,38.3565773,-121.9877444,1,0
dcbee129-9ecd-3611-b9e2-dfa9b4f9d9ad,a8dbb168-23aa-3658-9d1c-53bce3616a60,Carroll471 Yost751,M,GENERAL PRACTICE,4223 GLENCOE AVE  SUITE B - 109,MARINA DEL REY,CA,902925669,33.9776848,-118.4486479,10,0
4fa25020-97c0-369a-b108-53f079fe600e,21b0ba4c-b153-365d-aa44-e681168f37d3,Jimmy858 Funk324,M,GENERAL PRACTICE,1949 GRANT ROAD,MOUNTAIN VIEW,CA,940403217,37.373858549999994,-122.07711999315767,3,0
7b05a827-7afe-322d-a8b9-673e1c9e90cd,5f6f3031-9fa3-35bc-b6c6-9df3650a89a9,Sebastian508 Rowe323,M,GENERAL PRACTICE,3260 SACRAMENTO ST,BERKELEY,CA,947022739,37.84846251470588,-122.27772117647059,39,0
8efc0f2d-5e53-35b8-9ef8-8fc59b5cae95,50e70e88-7b4b-3d80-801f-d439a8c76f3b,Chelsie189 King743,F,GENERAL PRACTICE,5342 Dudley Blvd.,McClellan,CA,95652,38.6679,-121.4032,88,0
a0890c81-cf37-359c-a306-4b3acfa26071,b28ca661-e9b5-3994-9434-a5456e3a1ccc,Roseanna881 Stokes453,F,GENERAL PRACTICE,10535 Hospital Way,Mather,CA,95655,38.571793,-121.297386,153,0
b3db2354-a348-3a5e-bd0b-9152c73ddde4,478f079e-b56b-3cdc-af3a-7c098c0eb537,Zelma45 Kemmer137,F,GENERAL PRACTICE,5767 MISSION STREET,SAN FRANCISCO,CA,941124208,37.7095066,-122.4494776322394,15,0
3eccfc8e-3a83-39c6-b54f-6fcafafc7944,528d1d05-4614-3822-bfc0-1a414b0e01aa,Issac619 Skiles927,M,GENERAL PRACTICE,5401 NORRIS CANYON RD STE 304,SAN RAMON,CA,945835408,37.7754299,-121.9629301,52,0
efcbf864-6bc9-3009-8351-e224baf2f083,6060a403-cd1c-3a26-9d74-ba2b951c7a58,Otis335 Dickens475,M,GENERAL PRACTICE,8001 LORRAINE AVE,STOCKTON,CA,952104202,38.022416,-121.282627,4,0
6cf53131-8f11-31ce-ab20-56ddbb6de1c8,cea0b1a6-22b5-3d79-899a-b42abfc64e1c,Laura391 Berríos934,F,GENERAL PRACTICE,369 N CHURCH RD,EARLIMART,CA,93219,35.88582372260165,-119.26822994563204,126,0
dc3f3cc4-c85d-39f5-ae2f-ac53fe071dc9,aca6fdd5-2000-301c-84d5-8e874f08868a,Assunta351 Hane680,F,GENERAL PRACTICE,1618 LAUREL AVENUE,REDLANDS,CA,923734866,34.0389366,-117.20360963593834,3,0
bf9be483-d92c-32cc-a53b-9dcf06ec51a9,0e852a87-74ca-34b6-bc5e-20ccb48fecb5,Susie661 Braun514,F,GENERAL PRACTICE,11895 AVENUE OF INDUSTRY,SAN DIEGO,CA,921283423,32.990734,-117.073975,6,0
eadf01b1-5c13-3955-991e-46d92160904e,afc874e1-8e2e-3721-9d36-9b06877bc419,Marlena558 Corwin846,F,GENERAL PRACTICE,2801 SANTA MARIA WAY,SANTA MARIA,CA,934552118,34.9079895,-120.4329066632653,62,0
37b38c46-f877-3011-a4f6-8f3168793203,e05a1ff6-7b29-3e8d-8de2-43bc9c955e38,Gema698 Swift555,F,GENERAL PRACTICE,3904 RAINIER DR,REDDING,CA,960015914,40.566096200000004,-122.42381232859333,17,0
d20ae7e6-1901-327a-9888-75aed116e057,b2eb48fc-1381-3646-a2a9-872e6caa727f,Dustin31 Thompson596,M,GENERAL PRACTICE,11162 PALM TERRACE LANE,RIVERSIDE,CA,925052338,33.9349929,-117.4985489,5,0
04bd48ad-0799-36e6-8b2a-c56b4b6ac303,c702b7ba-710a-3935-8f88-c41790a99781,Denny560 Wilderman619,M,GENERAL PRACTICE,20540 E ARROW HWY SUITE C,COVINA,CA,917241200,34.106234,-117.8725551,89,0
ebfb7e60-550f-3748-8ba1-1109c5f0f4ae,e7674f83-b228-33a7-a3aa-a214458ebb96,Roslyn469 Schamberger479,F,GENERAL PRACTICE,1 SCRIPPS DR STE 303,SACRAMENTO,CA,958256206,38.573127,-121.412139,28,0
5f7b8f90-03d3-3f1b-9974-1bc261999cd4,bd3e9d80-2fd2-3c74-8745-c9ec149a40fe,Blake449 Erdman779,M,GENERAL PRACTICE,7700 FOLSOM BLVD,SACRAMENTO,CA,958262608,38.55074886790745,-121.41492814747949,16,0
e2ff915f-a660-3cb8-9413-539982cd5bc2,e406c732-a3cc-3514-9b28-ebf2875ee32d,Glenn0 Predovic534,F,GENERAL PRACTICE,974 W FOOTHILL BLVD,UPLAND,CA,917863728,34.10689262233365,-117.66417122373485,1,0
a9a266c0-4a4f-3474-8ad7-d0d6f1379453,436ae3c5-32c4-3e9c-9eee-046bd218dd51,Laura391 Urrutia540,F,GENERAL PRACTICE,10650 SIERRA AVE STE B,FONTANA,CA,923377664,34.06044112342205,-117.43565746913535,3,0
b4a2885f-53b7-3fb3-929d-bd24f34c4479,68312bbb-e6e3-32c9-ba90-db99ad67d0a8,Ernest565 Davis923,M,GENERAL PRACTICE,2552 TORREY PINES RD,LA JOLLA,CA,920373432,32.851797,-117.248493,91,0
fea20b73-8d12-3f3a-a5e1-42fb2032dc11,f732858f-0e99-36f0-8acd-7a007052f83c,Billy698 Hammes673,M,GENERAL PRACTICE,133 N ALTADENA DRIVE SUITE 306,PASADENA,CA,911077325,34.14863934693877,-118.09871842857143,4,0
e744bd6f-ef36-38ef-bd42-c2cd60ab0f93,361109be-a51e-336a-a95f-2463a2dc0509,Alicia629 García15,F,GENERAL PRACTICE,42575 WASHINGTON ST,PALM DESERT,CA,922118850,33.73979704007782,-116.30395574202335,97,0
3dded6f6-f6ec-3435-b7e3-a42d83631803,516b9fec-8c46-3bef-a20d-c9b722384873,Angella518 Strosin214,F,GENERAL PRACTICE,6200 E CANYON RIM RD,ANAHEIM,CA,928074317,33.84317605,-117.77519020723125,34,0
9521da1e-4e02-326a-bbe1-8837c29d185f,f666b273-708b-3dd6-992f-b56a0bcadbfb,Randal152 Simonis280,M,GENERAL PRACTICE,2433 MARCONI AVE,SACRAMENTO,CA,958214807,38.61809810204082,-121.40521910204082,28,0
0a28d40c-3d25-36dd-9b57-0fc0f32729d3,31d0fc0a-ae47-33a8-92ad-a3db2a002036,Nathaniel596 Bogisich202,M,GENERAL PRACTICE,5341 OLD REDWOOD HWY  SUITE 350,PETALUMA,CA,949547127,38.2325829,-122.636465,14,0
7a2cb2a5-ca47-34c3-8e73-b8e7872c4f4e,b298af33-e822-3223-84e1-a9073d32df4b,Chrissy459 Tremblay80,F,GENERAL PRACTICE,270 GRANT AVE,PALO ALTO,CA,943061911,37.42699125,-122.14230969683103,43,0
5a444488-4f9e-3a0c-aa5f-c4843f50438e,daec0663-898f-3f8a-b7ad-ca346bc803c1,Tory770 Mayer370,M,GENERAL PRACTICE,446 ARROWOOD DR,SANTA ROSA,CA,954077503,38.4213184,-122.7186518,3,0
e519bce5-3b5e-3b5d-86b5-bcab9656ce97,55920a1e-ee67-3db6-a327-f2a99b8a14b0,Kylee806 Romaguera67,F,GENERAL PRACTICE,7901 WALKER STREET,LA PALMA,CA,906231722,33.84711755,-118.03883544826569,19,0
3e7648d4-b038-3f4e-b723-1816fffe4123,9c7621f9-0587-3d35-a219-031a0e0b7589,Serena400 Littel644,F,GENERAL PRACTICE,300 HOSPITAL DR,VALLEJO,CA,945892580,38.13114005,-122.23840108472527,313,0
76f25e49-5838-3231-9afe-530d6cb60440,5b1ce74b-3bc0-38d5-aabe-cf4d19cf5d9e,Eldridge510 Weissnat378,M,GENERAL PRACTICE,36915 COOK STREET,PALM DESERT,CA,922116067,33.78084357812101,-116.3558425625001,237,0
26653ee9-692e-3b26-9001-5ae0a2e16637,46a8178b-63f1-32f3-93e4-ebae6158b2d3,Dong972 Cummerata161,M,GENERAL PRACTICE,972 GOODRICH BOULEVARD,COMMERCE,CA,900224114,34.0114236,-118.1583934,30,0
4d244dbb-78bc-33ea-ae41-ad24ca11afb1,8c420689-d466-3fd1-804f-e3374d2df0e0,Jimmie93 Schoen8,M,GENERAL PRACTICE,3401 LEMON STREET,RIVERSIDE,CA,925012861,33.984707,-117.369663,4,0
364b40b4-987c-3fae-aa2e-f2d20d06e9cc,a50ae386-5349-3525-aba1-54cb57409deb,Virgilio529 Powlowski563,M,GENERAL PRACTICE,1040 N MAIN ST,MANTECA,CA,95336,37.81119390346288,-121.21695531367918,3,0
a8b0d177-cd9b-387b-990a-898ad3011f9d,05db84cf-70a7-3f4a-ac94-139ed4e2a9c5,Ernesto186 Davis923,M,GENERAL PRACTICE,500 W. HOSPITAL RD.,FRENCH CAMP,CA,952319693,37.886327,-121.28297548125127,95,0
1bd143d7-a1fa-3f82-9a87-11e6e423cadd,f585e277-ddf4-3dd4-83e6-e68d57e15c26,Salley758 Little434,F,GENERAL PRACTICE,3539 OCEAN VIEW BLVD STE 1,LA CRESCENTA,CA,912142784,34.230429,-118.2350733,5,0
94954cee-f46e-3e4d-bae5-149e319d91b8,6b6bd539-6f9c-348e-9d0a-ea30e2d7782f,Margarita164 Rangel145,F,GENERAL PRACTICE,302 NORTHGATE DR,MANTECA,CA,953363139,37.81899583673469,-121.2206893877551,72,0
147e792f-8b27-33f4-a4f1-ebd53179c679,6b5f2d2f-22d6-3477-be6b-80522a5aca64,Neal874 Bogisich202,M,GENERAL PRACTICE,11750 CHOLLA DR,DESERT HOT SPRINGS,CA,922403064,33.9659895,-116.5146742,33,0
87ba5959-f1c1-35d4-8156-0ee28996e469,8b12e9ba-132c-34f9-8f74-ccb1a0dcb797,Felipe97 Feliciano160,M,GENERAL PRACTICE,5101 TYLER AVENUE,TEMPLE CITY,CA,917803682,34.1082994,-118.0577568,2,0
195d3ce4-80b0-3012-8768-475614caf69d,be1124de-2947-3f52-851e-1dd1ff3864d1,Benito209 Ocasio180,M,GENERAL PRACTICE,4004 BEYER BLVD,SAN YSIDRO,CA,921732007,32.55866135,-117.0474452931753,2,0
1e1c2599-7d54-3704-b69c-db53fe44b690,3aea5c7f-364b-3e6e-bae1-58f40cec50da,Diego848 Riojas420,M,GENERAL PRACTICE,18025 SKY PARK CIR,COMMERCE,CA,900404032,34.002581,-118.156586,1,0
154cc279-6bf3-3c49-8970-45939567daa1,dfca52eb-c9b1-3437-b70e-88af91997b15,Lorenzo669 Jáquez824,M,GENERAL PRACTICE,74-350 COUNTRY CLUB DRIVE,PALM DESERT,CA,922601608,33.7288179,-116.382571,5,0
d2b58855-36bc-3880-9202-58209d027e7f,01251470-2639-3cf4-9941-befe7d12c26d,Dannie881 Reichert620,M,GENERAL PRACTICE,5901 E. 7th Street,Long Beach,CA,90822,33.775333,-118.11876,148,0
8638d865-f187-380f-8b67-10b7960cc053,969a72a3-41ac-3686-9e1a-b9dc457eaa21,Glen190 Klein929,M,GENERAL PRACTICE,3180 WILLOW LN,WESTLAKE VILLAGE,CA,913612822,34.1460234,-118.8061794,44,0
2ee84855-9f81-37cf-a5c0-3044e1142f24,5ee69c96-b509-34f5-af32-88c37c660c63,Harley673 Erdman779,M,GENERAL PRACTICE,38345 30TH ST E STE B1A,PALMDALE,CA,935506508,34.57935461138249,-118.07629229038446,2,0
d737b733-aaab-3ec2-a993-84bafc3bfd3b,dea5bbb6-fb34-3e44-beae-1b7d0d9d98c5,Thaddeus38 Dickinson688,M,GENERAL PRACTICE,1800 ADOBE ST,CONCORD,CA,945202313,37.976841,-122.038145,2,0
74145321-578c-30c2-b0a7-9ddc63456369,bcb1f8a6-2e29-39cf-bc50-44fb8dee780b,Irene779 Arreola736,F,GENERAL PRACTICE,3557 CAMPUS DR,THOUSAND OAKS,CA,913602744,34.2322017,-118.8829326,16,0
b3abbca2-3e2c-360c-b1b2-7be222f6efed,2485d377-8bdb-36da-b841-94b90a1bd544,Elisa944 Salgado989,F,GENERAL PRACTICE,8171 MAGNOLIA AVENUE,RIVERSIDE,CA,925043409,33.9348581,-117.4221376,5,0
6f4fa643-8829-32a7-9ec7-8190f8c843b3,515e17dd-be5c-315b-b35e-9301691beb84,Florencia449 Becerra708,F,GENERAL PRACTICE,41-505 CARLOTTA DRIVE,PALM DESERT,CA,922113279,33.7462849,-116.3442755,14,0
f27f9e41-7a45-3e37-92ba-fa64cb89d81f,b37d0f8d-b3eb-3f21-a3b8-540e8240a98a,Adolfo777 Abernathy524,M,GENERAL PRACTICE,2222 EAST ST,CONCORD,CA,945202065,37.98112449326816,-122.03274641150558,104,0
d9bbd5a8-209f-3796-8aa9-4ba01e1dfeb8,3b18d06c-91bd-3fd7-bcf7-cb5aa91eebdd,Clair921 Grady603,M,GENERAL PRACTICE,3841 Brickway Blvd,Santa Rosa,CA,95403,38.51461,-122.79337,100,0
fa545313-aefc-35c4-aeb9-80fb95c75453,217df740-9975-318b-a9bc-e15435bf923e,Vella930 Ankunding277,F,GENERAL PRACTICE,725 WELCH ROAD,STANFORD,CA,943052200,37.436156749999995,-122.1752510159896,111,0
c76be189-166a-3191-8184-9bef1878fe4d,00fe8687-01fe-3af5-b99b-43ca8e58b99f,Alfredo17 Lesch175,M,GENERAL PRACTICE,2823 FRESNO ST,FRESNO,CA,937211324,36.7433526,-119.78408779817215,280,0
4eab337e-3dd5-3a0b-8fc8-19375b8b16d1,60cc4950-262a-3b78-bc57-c2dec0486692,Seymour882 Spinka232,M,GENERAL PRACTICE,2275 REDONDO AVE,SIGNAL HILL,CA,907551219,33.7900143,-118.1518259,50,0
66f9ebd1-a5b0-3306-97ae-b4b8c4c632aa,81ee1d84-26e8-3279-8f8f-95325a41923a,Samuel331 Quiñónez764,M,GENERAL PRACTICE,14102 SPRINGDALE STREET,WESTMINSTER,CA,926833538,33.75752162133459,-118.02450425037411,11,0
99498170-7e96-379d-9e6e-9742d58e9bc2,727d7161-d7f9-39fa-b09e-c69179f08c17,Ike571 Runte676,M,GENERAL PRACTICE,2809 TWEEDY BLVD,SOUTH GATE,CA,902802938,33.94599635789869,-118.2212472969643,15,0
3dce78f6-75ef-3516-9e53-4b9291a53862,efdae2b3-f863-35e4-b27c-7710d911ffb5,Marcela739 Báez684,F,GENERAL PRACTICE,2021 MAIN STREET,OAKLEY,CA,945613302,38.00294073917939,-121.73248092019529,5,0
9dd1a771-90d8-3801-82b4-cefa5a9d0f7a,ad019cd1-4cd5-3231-87aa-b217398c984e,Lucas404 Arteaga169,M,GENERAL PRACTICE,4101 TORRANCE BLVD,TORRANCE,CA,905034615,33.83880825,-118.35718500621408,200,0
5c60744f-d858-38f4-8f6c-0ac4cc6e0172,f1452fa0-fa4c-34c1-a6fc-efe34869500d,Jeff859 Sanford861,M,GENERAL PRACTICE,1520 BARTON RD,REDLANDS,CA,923735467,34.047329,-117.2065085,29,0
c8ff6af0-b6b6-319f-944a-055f9ab5bdb9,119adffb-c63d-354d-b81b-2be79f3e9c2d,Jasper743 Lind531,M,GENERAL PRACTICE,5555 MONTGOMERY DRIVE,SANTA ROSA,CA,954098846,38.4579495,-122.6450442,3,0
fb162bbc-c760-3731-aab0-0268283e0d74,f566ddd3-54bf-383d-b71d-319aef5cde51,Lamar193 Durgan499,M,GENERAL PRACTICE,23962 ALICIA PKWY STE I-1,SAN FRANCISCO,CA,941102217,37.7790262,-122.419906,19,0
ad15bb00-1ee4-34c4-8b01-26a006ccd511,cac6e9bd-7f3b-328e-b2fb-c3c43c538117,Emilio417 Pantoja215,M,GENERAL PRACTICE,501 SOUTH BUENA VISTA STREET,BURBANK,CA,915054809,34.15594575,-118.32832890181228,9,0
0ec80128-3cfe-33d6-a4b5-141dda727426,0ae316a6-a38f-34be-b66f-39974a4be027,Isabel214 Bravo546,F,GENERAL PRACTICE,7509 LAUREL AVE,FONTANA,CA,923362315,34.11719327275866,-117.413975,2,0
45d04330-ec7b-33ff-ac1a-75d5f9c8d462,f4c1d417-ac17-3ebe-a509-7f4f7d055de5,Isidro558 Adams676,M,GENERAL PRACTICE,29826 HAUN ROAD  SUITE 108,SUN CITY,CA,925866547,33.68738592385508,-117.17473828992225,21,0
7fb583e7-6597-37ce-b071-f1478331916d,5b9f2bd3-1b58-30af-82b4-bb4ddd0de1e5,Tamesha39 Anderson154,F,GENERAL PRACTICE,241 W YOSEMITE AVE,MANTECA,CA,953365603,37.7973164,-121.2547185,20,0
cbb636a9-01d2-3e13-8722-24b08195191d,486a41b1-9538-32f0-b04f-aedb62ccfe1d,Kathy623 Hickle134,F,GENERAL PRACTICE,6717 MISSION ST,DALY CITY,CA,940142070,37.701423,-122.463205,1,0
a840b3b2-ab10-303a-89b4-51c16ff146e9,47f0ffa5-d10d-3d7d-aa98-f68803cca974,Tyler508 Howe413,M,GENERAL PRACTICE,2623 E SLAUSON AVE,HUNTINGTON PARK,CA,902552926,33.98971405,-118.2238792,621,0
ce66a079-7215-33f3-87ed-4b3021922c67,bde37102-3fb5-3f24-8fd0-28ca158514fd,Francisca486 Orta736,F,GENERAL PRACTICE,2511 GARDEN ROAD  SUITE A-250,MONTEREY,CA,939405331,36.58622209637583,-121.85346696997881,10,0
56a402b5-d29c-32af-8a0d-0a52d51c8448,a51d4989-a36f-3d0a-a4ec-9ec8d8d66536,Felice694 Smith67,F,GENERAL PRACTICE,333 HEGENBERGER RD,OAKLAND,CA,946211420,37.73572385,-122.19841700888554,2,0
fc8aae59-ea47-316b-8fdf-7fa0f42c530c,c2c4173b-0f77-307a-a36d-caa39ba487ef,Young120 Farrell962,M,GENERAL PRACTICE,469 EAST NORTH STREET,MANTECA,CA,953364710,37.801092,-121.211838,1,0
6034419a-61fd-335d-94d9-60a3529a9d78,8ed2dadf-e24a-3e3c-a5d5-a3c6b4d3c97d,Broderick767 Little434,M,GENERAL PRACTICE,26126 OROVILLE PLACE,LAKE FOREST,CA,926304849,33.6469261,-117.6859213,85,0
51adbe87-d30f-3830-a845-8d5896caf704,fc979596-cbc6-391c-a257-e21f39107064,Cody889 Gaylord332,M,GENERAL PRACTICE,3630 BUSINESS DRIVE  SUITE G,SACRAMENTO,CA,958202163,38.54162796619488,-121.41935982898904,1,0
6d35113b-2095-33b6-9552-d89836094b7f,992adff2-7f03-33fe-a4bd-fe9d988a79a9,Percy315 Larson43,M,GENERAL PRACTICE,500 S MAIN ST SUITE 500,ORANGE,CA,928684536,33.741457,-117.867779,6,0
aa66ccb1-2666-350e-9794-010085ea9c47,d41a152e-7f2a-3bee-a973-91e9501d0b96,Magda24 Herzog843,F,GENERAL PRACTICE,27600 ENCANTO DRIVE,MENIFEE,CA,925863304,33.72009945,-117.18785374150903,2,0
4a5a3426-921f-3c1f-910d-11fa41679c43,862e5b50-8f87-3a02-aa78-a3e70c6ba2b4,Vernita491 Luettgen772,F,GENERAL PRACTICE,9299 E STOCKTON BLVD  SUITE 10,ELK GROVE,CA,956244097,38.41989605766287,-121.39093683908523,8,0
cc8a98c4-b2a2-32c0-9054-52336bef4f4c,eb9a9ce6-bb58-3c57-9448-20094bfb73f9,Jim478 Goyette777,M,GENERAL PRACTICE,4501 SAND CREEK ROAD,ANTIOCH,CA,945318687,37.9517058,-121.77486765161083,22,0
7e1efcb1-e892-32e0-b68d-8086b351f0a2,c3304efe-1cfa-3d9b-83b0-49b46a320de4,Bernardo699 Zavala169,M,GENERAL PRACTICE,38600 MEDICAL CENTER DRIVE,PALMDALE,CA,935514483,34.583193800000004,-118.14462512448063,6,0
745d6548-15b2-3812-98e5-0ea933764f4c,6a03cbb6-2302-360f-bdfa-0bef89e13fb1,Bennett146 Schulist381,M,GENERAL PRACTICE,5105 E DAKOTA AVE,HANFORD,CA,932304586,36.3274502,-119.6456844,33,0
7701956a-e85c-38a0-b6c0-e9ccc5f3d565,95253e31-e122-3db5-b9aa-5b48e44122eb,Graig740 Balistreri607,M,GENERAL PRACTICE,4050 BEYER BLVD,SAN YSIDRO,CA,921732007,32.55879935,-117.04686089985663,29,0
a5ce6d77-8db2-3d2a-a8bf-6cca532c7ada,a047f9ee-78aa-3ed0-89c1-c3076d0c5eb3,Manda751 Hamill307,F,GENERAL PRACTICE,30 MARK WEST SPRINGS ROAD,SANTA ROSA,CA,954057862,38.494594,-122.75190236949636,25,0
6251ea7d-dacd-31f3-9046-11d3643c4b2e,d52a64bd-b0ac-34f3-a6d9-1d9fd7943332,Jefferey580 Ritchie586,M,GENERAL PRACTICE,8316 FOOTHILL BLVD,SUNLAND,CA,910402850,34.25960225,-118.31418908333333,31,0
ffe9c68a-d15b-362f-967f-1a5a42deb1a4,67361aa5-4205-3bf5-b278-d3b193b00198,Karl184 Rolfson709,M,GENERAL PRACTICE,2300 CALIFORNIA ST STE 306,SAN FRANCISCO,CA,941152754,37.789445900000004,-122.43244528332573,36,0
28bf8155-2720-33a8-bcc2-1427df18ce35,47b78a28-7bda-369b-b985-5ce0d0da3ece,Gil594 Hettinger594,M,GENERAL PRACTICE,3857 FOOTHILL BLVD STE 20,LA CRESCENTA,CA,912141670,34.2293147,-118.2482781,4,0
3e92ae90-b667-34b7-aa10-2a2dbf1bb7cd,e6a7df01-3328-325d-9771-06341c0f9edc,Rolf983 Haag279,M,GENERAL PRACTICE,900 MIRAMONTE AVE FL 2,MOUNTAIN VIEW,CA,940402457,37.3893889,-122.0832101,133,0
7c5a42e1-5d15-373b-9a2d-1aeff529f01e,5c886b0e-0459-3835-966a-46f0cb5c5714,Denver542 Grant908,M,GENERAL PRACTICE,3291 WALNUT BLVD,BRENTWOOD,CA,945134412,37.921766591836736,-121.69636859183674,29,0
20b80f0b-1552-34d5-8cb6-df6309c7a019,74f6f04a-a666-3d44-af02-78c6ffa8f8de,Matthew562 Cole117,M,GENERAL PRACTICE,35 W LOS ANGELES AVE,MOORPARK,CA,930211820,34.27878659125944,-118.88258380622624,63,0
db3df412-103f-3873-ac1e-a91fdd8f6b16,a5545312-5afd-353e-a8db-6f0502fd6d4d,Lola232 Hidalgo930,F,GENERAL PRACTICE,1551 BISHOP ST,SAN LUIS OBISPO,CA,934014635,35.2740881981982,-120.64641892792793,29,0
41f42c8d-b575-3fd5-b41e-5fb39519866b,75d5fb60-4c0e-3f2d-8b97-88f697d192a0,Fairy757 Haley279,F,GENERAL PRACTICE,555 PETALUMA AVE STE B,SEBASTOPOL,CA,954724224,38.39766118365533,-122.82065452594317,208,0
0158bfa2-031f-3e24-b26b-28f60b00e9a4,b8db8341-225a-3990-9d88-dd2c30feb2ad,Luna60 Swift555,F,GENERAL PRACTICE,12556 VALLEY VIEW ST,GARDEN GROVE,CA,928452006,33.7805160867637,-118.03074856043754,28,0
2c970a9b-e7c8-329c-a205-810e255f0b7f,6b41874a-5f4f-39c5-8c56-a89220d9089e,Aja848 McKenzie376,F,GENERAL PRACTICE,9888 GENESEE AVENUE,LA JOLLA,CA,920371205,32.88436395,-117.22493980169492,426,0
866849bd-1bee-3875-b472-4a97ad209783,02798a1b-28a3-32d8-9d89-b73f129b9953,Ardella559 Lesch175,F,GENERAL PRACTICE,1812 VERDUGO BLVD,GLENDALE,CA,912081479,34.2045076,-118.21622331598934,31,0
3f5227bd-4d09-3b50-9b85-26c4be4ce85c,a29b4244-bc30-3730-bafc-e7f7f3570479,Wally311 MacGyver246,M,GENERAL PRACTICE,302 CHERRY LANE  SUITE 107 & 108,MANTECA,CA,953363741,37.80140413043478,-121.23090665217391,22,0
1049677f-4e61-3e8e-92c2-e34118b7694b,15f43646-00b4-3ad0-ad65-62d4d4737cb9,Rachael540 Moore224,F,GENERAL PRACTICE,100 W CALIFORNIA BLVD,PASADENA,CA,911053010,34.133226050000005,-118.15224362882289,228,0
29fb185f-1046-3faf-ac9e-47ac59f77e92,32a32f6f-bc9d-3345-ac80-6c5660b390de,Harry448 Abshire638,M,GENERAL PRACTICE,45445 PORTOLA AVE STE 1,PALM DESERT,CA,922604844,33.71844191827792,-116.37385068531393,30,0
05dd10bd-cb07-3637-b6cf-c7e7e2a8fa0a,b4895471-0923-38d4-9210-c496de14de97,Tyson541 Jacobi462,M,GENERAL PRACTICE,6636 SELMA AVE,LOS ANGELES,CA,900287115,34.09964137465314,-118.33425787249156,50,0
6953a8ae-784a-3192-9f53-06f96db9dbd5,352a9d9f-712e-3794-bf92-19e13bc4ca2d,Margarito178 Welch179,M,GENERAL PRACTICE,5401 Arnold Avenue,McClellan,CA,95652,38.6679,-121.4032,98,0
44975f43-1bfc-33d2-8c53-026ad9c11aec,63544bc9-dc03-3e12-b4ff-bd6d766b2e76,Lawerence6 Ankunding277,M,GENERAL PRACTICE,5401 WHITE LN,BAKERSFIELD,CA,933096279,35.318046375838925,-119.06259092617451,1,0
d949d564-d7ea-3905-bef4-bb0825062efc,cd65b478-bc14-3300-920b-68be905cc501,Fredric73 Hills818,M,GENERAL PRACTICE,490 SYCAMORE STREET,CHICO,CA,95926,39.72949,-121.8250952,87,0
7ccab72f-ff10-3faf-abcc-03cfd3d14687,9bc40d63-5f26-300c-815a-1b5129e42920,Shad704 Green467,M,GENERAL PRACTICE,1860 LANDMARK DR,VALLEJO,CA,945913852,38.150437101752864,-122.17456153280366,39,0
666eeaae-7218-33a8-b51b-2270eb296844,f5254774-f54d-3f6d-96be-6a1888eeeff1,Leesa210 Marvin195,F,GENERAL PRACTICE,1141 PEAR TREE LN,NAPA,CA,945586485,38.32096356932309,-122.2934901692328,38,0
0d01d29b-f492-3062-9298-eeeadd3d52ba,fb7fd815-a131-32e7-b3ff-2963f4b5b492,Ezequiel972 Lakin515,M,GENERAL PRACTICE,200 CHANNING AVE,SANTA ROSA,CA,954014668,38.4404925,-122.7141049,29,0
9a1b8044-fbdf-3592-82a8-3a974649da3b,1e80af7b-b2fd-3194-b756-f5b63bad4636,Clotilde434 Glover433,F,GENERAL PRACTICE,1782 W HAMMER LN,STOCKTON,CA,952072922,38.0208181,-121.33585291147989,1,0
433cd010-c60c-32cb-b45b-8d06deb392af,1eb4e35b-3567-34e6-9414-8d46b842cbd4,Sonia106 Bermúdez789,F,GENERAL PRACTICE,1711 VIA EL PRADO,REDONDO BEACH,CA,902776005,33.817812,-118.38710222871012,77,0
e47a0d9f-8b7f-3f0f-be17-1efcb2744a96,c447ac66-b4e5-36ec-ae12-aabcc285e31c,Junior695 Kuhlman484,M,GENERAL PRACTICE,1205 E NORTH ST,MANTECA,CA,953365964,37.801053249999995,-121.19747114154427,243,0
b804eb6f-3842-3863-b79e-20091c48adcb,4e179221-fa9b-3ebe-b8ca-d8e0dd024005,Josh874 Cronin387,M,GENERAL PRACTICE,211 N PRAIRIE AVE,INGLEWOOD,CA,903011412,33.961495408163266,-118.34403508163265,24,0
ba10e646-7584-37e3-b707-b15939c13945,bbc6e998-811c-3c63-9c9c-471ee1917208,Roosevelt595 Erdman779,M,GENERAL PRACTICE,5017 E CHAPMAN AVE,ORANGE,CA,928694211,33.78823765,-117.79964797524845,1,0
069e753c-025d-3016-8bcd-2adf09d6bc93,3eb7e145-61b7-3e98-acaa-b5a2e94ccf59,Aleen595 Lueilwitz711,F,GENERAL PRACTICE,400 NORTH PEPPER AVENUE,SAN BERNARDINO,CA,924044611,34.106915,-117.353027,167,0
59794fbe-b23f-3a93-acd5-28da8ff7f9db,73d3a4a6-9a3e-308f-93a6-b2a358d810b0,Claudio955 Lebrón484,M,GENERAL PRACTICE,438 W LAS TUNAS DR,SAN GABRIEL,CA,917761216,34.10094775,-118.10587972761789,1,0
3d85483d-0b56-3c59-8587-4e616702f448,1c83d68c-a60a-30d2-8837-b806fbd1895d,Maria750 Nienow652,F,GENERAL PRACTICE,58471 29 PALMS HWY,YUCCA VALLEY,CA,922845818,34.1204948,-116.4265021,1,0
b349f2e8-b4d2-367f-9577-a2ba97c6d3ea,264db60e-b161-31be-9196-280a2d6619bf,Natalia964 González124,F,GENERAL PRACTICE,4085 GOVERNOR DR,SAN DIEGO,CA,921222522,32.8543492,-117.202205,213,0
fd31b0c7-f3ee-32b8-bf54-1f0fb8397989,407b26a1-ca02-3f64-b1f1-72bbbe6c3c0d,Morton637 Huels583,M,GENERAL PRACTICE,4010 EAST CHAPMAN AVENUE,ORANGE,CA,928693990,33.78767805414545,-117.81026824837681,3,0
61a7cfa9-d123-3217-aee8-0ebf7972a39a,779fa12a-cc3a-30ee-bc35-e77acefac90f,Esperanza675 Guzmán14,F,GENERAL PRACTICE,8133 MAGNOLIA AVE,RIVERSIDE,CA,925043409,33.934648,-117.421559,2,0
28d7278a-ff0d-3353-88fe-af4c939dfdfd,8c36b3fa-a640-3f29-a1aa-9fe524ee3bfd,Bennett146 Hartmann983,M,GENERAL PRACTICE,101 CITY DRIVE SOUTH,YORBA LINDA,CA,928864136,33.8901096,-117.8249705,16,0
52033d90-1626-390b-98c6-e0f87c469594,bb44e470-f972-320d-92bc-38ffe962af0f,Hobert364 Paucek755,M,GENERAL PRACTICE,805 W. ARROW HWY.,GLENDORA,CA,917405413,34.1361187,-117.865339,4,0
d6047576-6789-3cc3-ab7d-bb592d9f5e66,2ae63cf2-941c-365e-a773-6a4f20e401f5,Pattie91 Dooley940,F,GENERAL PRACTICE,7901 WALKER ST,LA PALMA,CA,906231722,33.84711755,-118.03883544826569,2,0
26cff137-8b6a-38a9-9ba2-0e7e9f21cd0d,98eb2566-05e4-33f5-b7d2-ece537badd96,Anita473 de Anda129,F,GENERAL PRACTICE,7912 WEST LN STE 221,STOCKTON,CA,952103159,38.0203468974359,-121.29475791025641,76,0
a104dca0-0b12-34af-acaa-6f3feecd5958,4d463520-d466-3731-a5c7-88658b3b1bfc,Merlin721 Crooks415,M,GENERAL PRACTICE,710 S BROOKHURST ST STE A,ANAHEIM,CA,928044321,33.8131162,-117.9588106,28,0
1cad681a-3112-305d-a810-fab38d7afbc4,c1fb5f31-e9f7-3f14-a372-06e00887222e,Ramiro608 Blanco851,M,GENERAL PRACTICE,1117 E DEVONSHIRE AVE,SUN CITY,CA,925859658,33.7010223,-117.2027867,56,0
41d9e497-c497-3c48-b410-3a9eda7dd8d6,b9584c48-7dc8-342e-b583-3149f90c38df,Emilee283 Halvorson124,F,GENERAL PRACTICE,3840 HOMESTEAD ROAD,SANTA CLARA,CA,950514542,37.3409236,-121.8174832,25,0
83390846-d8a9-3d1c-9e85-216957bd5295,8c3f422c-b6c2-3d14-aaf4-7134f61701e4,Norma469 Zarate81,F,GENERAL PRACTICE,3030 EXPLORER DR,SACRAMENTO,CA,958272728,38.56499126748407,-121.33342955015327,79,0
0dbb6bb7-5799-3c3f-b42d-a1f8e7e21040,3f4f36ce-7773-30f3-89f6-522f45b19dca,Ana María762 Salinas3,F,GENERAL PRACTICE,199 W SHIELDS AVE,FRESNO,CA,937226221,36.779301,-119.814072,5,0
cb98de71-ba43-3247-8609-d8a98540926a,a65b7f6f-126d-388c-9dc8-522ee5456523,Fallon874 Berge125,F,GENERAL PRACTICE,410 EASTWOOD AVE,MANTECA,CA,953363167,37.817672354291226,-121.22440631289787,2,0
9aa0f3d1-3258-39d8-9792-8b4cef2cb7a9,d33ce05f-6414-3ac7-ac4a-a3db23dc5541,Rocio28 Almonte426,F,GENERAL PRACTICE,604 ROSE AVE,VENICE,CA,902912767,33.999304153846154,-118.47191226923077,72,0
181d70bd-ba5b-3d25-94a4-4ab8a6a757f2,07d4bccd-772c-30b6-b86c-714503a129ea,Teresa94 Ledesma253,F,GENERAL PRACTICE,4811 CHIPPENDALE DR STE 209,SACRAMENTO,CA,958412551,38.662880897959184,-121.35250742857143,2,0
f524a71f-7d31-3d7d-a03a-5e5ee41463ad,4ca16370-0b7e-35dc-8d62-44f6db04189a,Von197 Ward668,M,GENERAL PRACTICE,909 S LAKE ST,LOS ANGELES,CA,900062113,34.05365597297297,-118.2801384054054,2,0
83cc5484-f761-3e77-9f81-4dbb54624840,2dbccbfe-ee22-3bd2-bffb-ff68105bc313,Tyron580 Mayert710,M,GENERAL PRACTICE,1350 W COVINA BLVD,SAN DIMAS,CA,917733245,34.097127150000006,-117.83438815417705,542,0
9c096039-6d00-35f4-8cdb-fa5e9b47d424,9433f9ee-1053-37bf-9bb0-6ed879da6ff6,Martine382 Ryan260,F,GENERAL PRACTICE,23763 VALENCIA BLVD,VALENCIA,CA,913552105,34.41601606122449,-118.54972212244898,1,0
03e9addd-386f-3b46-9774-7ee1ea4e96d9,f413c7c6-18cf-39b4-993b-77108cef4422,Aaron697 Goyette777,M,GENERAL PRACTICE,797 WEST CHILDS AVE,MERCED,CA,953416805,37.2882871632653,-120.4968163877551,4,0
6f46ab2b-8391-3ac2-9f2a-35add894f3c8,5c0933b6-7d37-3a85-be96-1180f23dee96,Raymundo71 Watsica258,M,GENERAL PRACTICE,7743 WEST LN STE A1,STOCKTON,CA,952103381,38.019422750000004,-121.29529782934912,29,0
6b41b458-4dc8-3ade-bd1b-c3b1f8ddb863,da2f31e6-e64b-3df5-8806-45d3d675f4b0,Marth98 Mayer370,F,GENERAL PRACTICE,3751 KATELLA AVE,SEAL BEACH,CA,907404907,33.7423967,-118.1055926,141,0
415819f6-e684-335a-8b33-02433d08dbcd,c80b5138-42bb-3cde-9afd-169fe8d9fba0,Ronny764 Bailey598,M,GENERAL PRACTICE,440 GREENFIELD AVENUE SUITE B,HANFORD,CA,932303568,36.32919494348092,-119.65836694266405,1,0
337fad46-52ef-32bd-ad57-7d76e2e8e5af,24530c9d-7991-30d0-80a2-45d999801844,Reyes140 Sauer652,M,GENERAL PRACTICE,12511 BROOKHURST ST,GARDEN GROVE,CA,928404806,33.78110805,-117.95898752925272,9,0
e58f10af-5666-3674-8008-f892c93b790b,652d8814-5422-3952-aa9c-505bbabc4409,Josefina523 Aguilera202,F,GENERAL PRACTICE,17868 US HIGHWAY 18,VICTORVILLE,CA,923957795,34.5361067,-117.2911565,57,0
e2413a4e-ee22-3eb7-b51a-2b2d43b8fe59,96c85f48-1eae-33f8-8faf-c788fa89a2fe,Alonzo487 McDermott739,M,GENERAL PRACTICE,983 SONOMA AVE.  SUITE A,SANTA ROSA,CA,954044818,38.4408556,-122.7025361,47,0
26563f9e-0ddb-331d-b298-4cae580d76e3,6d43f07d-4c36-3106-a14b-d41f4dfe7e14,Evan94 Leuschke194,M,GENERAL PRACTICE,808 WEST 58TH STREET,LOS ANGELES,CA,900373632,33.989626383838385,-118.28740713131313,10,0
1f1b9b95-efef-3079-ad65-2f7b509d0034,e695a3c0-9b51-362e-8996-3490ae57e9cf,Armando772 Quintero729,M,GENERAL PRACTICE,200 HOSPITAL CIR,WESTMINSTER,CA,926833910,33.7628468,-117.995912,13,0
d71cd9f6-d42e-3704-be36-86a34907f702,c01efea6-705c-3d22-a551-95b94dc17956,Clay913 Mertz280,M,GENERAL PRACTICE,3020 CHILDRENS WAY,SOLANA BEACH,CA,920752048,32.9905597,-117.269131,118,0
96166d10-6093-3ffb-845a-f4a2d0a0602b,4342e466-0507-38e1-a399-2a56954b64cb,Ivette731 Wunsch504,F,GENERAL PRACTICE,11815 EDUCATION STREET,AUBURN,CA,956022410,38.94503815,-121.10093116567297,28,0
4c03915e-af42-3b3a-952a-3e01f38a38fb,de323c79-5a30-3f73-b849-db4677b0b8dc,Germán350 Arenas932,M,GENERAL PRACTICE,39350 CIVIC CENTER DR SUITE 100,FREMONT,CA,945382328,37.554367850000006,-121.97540428601985,137,0
f1859d43-1fdc-3297-9f8b-84ded925dcb1,6a5546bd-29f7-33b8-870d-b25d5762425f,Emory494 Sawayn19,M,GENERAL PRACTICE,1156 FREMONT BLVD,SEASIDE,CA,939555756,36.6019354,-121.84890159999999,42,0
334c59dc-0a49-3b16-8f21-b2e68a2232cb,026b6618-df35-3fb9-9ed8-2f8fa40f5669,Catalina187 Madrigal893,F,GENERAL PRACTICE,2630 1ST AVE,SAN DIEGO,CA,921036599,32.732738,-117.164237,47,0
7f8b10ba-6f75-3ee4-8c7e-bbb8cc86c6b7,71182917-cf0e-3cea-a3f8-bac2090f32a7,Kraig824 Kuhlman484,M,GENERAL PRACTICE,3330 LOMITA BLVD,TORRANCE,CA,905055114,33.8108299,-118.34375955827679,62,0
6bf76a5e-13c5-322f-ab37-6aa047d451f1,c22f2590-fa18-395a-9f64-41fcf61238ef,Sammie902 Hermann103,M,GENERAL PRACTICE,26781 PORTOLA PKWY,FOOTHILL RANCH,CA,926101758,33.6791363,-117.6620088,129,0
b23b78cd-28cb-32cb-8eb0-d34c1eca0204,fe91ff8a-eb2e-3de6-acf0-10566e49be29,Kenton313 Rath779,M,GENERAL PRACTICE,3469 TENNESSEE STREET  SUITE 101,VALLEJO,CA,945914908,38.108705949009114,-122.20392225153866,8,0
7570f889-a51c-36e3-bf49-13f4afd01d9e,2e49409b-e552-3e52-b713-ef32bdeec1cf,Ariel183 Langosh790,M,GENERAL PRACTICE,148 N GRAND AVE,GLENDORA,CA,917412434,34.13724790227394,-117.87241507558409,1,0
1eb9b473-a0cc-3bda-b6f8-ad971601d2df,3aa73a2a-a16a-3c8f-85df-472fb3124f6a,Gaston250 Hilll811,M,GENERAL PRACTICE,2015 W 1ST ST STE L,SANTA ANA,CA,927033516,33.745875,-117.89697749999999,88,0
0e913d88-4950-3fa9-a737-7fc275eeee1e,7f395ca7-0b14-38ef-8247-dad2e7871721,Shayne60 Crist667,M,GENERAL PRACTICE,2890 LA LOMA DR,SACRAMENTO,CA,958413106,38.58427244800069,-121.31351472853733,5,0
0c90f6e6-acab-3979-a01f-b60465c97933,8631ce4b-e771-35cf-992c-3f212a1237b4,Eliseo499 Hermiston71,M,GENERAL PRACTICE,524 COLORADO AVE,SANTA MONICA,CA,904012408,34.01476475,-118.4902565395083,1,0
492859c9-65f4-3107-8d67-d3240e9b61d8,ce1ecf85-14e4-3727-8e84-a6b016f7bd85,Zelda766 Rath779,F,GENERAL PRACTICE,1555 S GAREY AVE,POMONA,CA,917665222,34.04350944086089,-117.74972117161568,58,0
5a1de14f-c567-3602-94cc-55285fa4d0e1,139f11aa-acd7-3e0f-9ea5-a200371b2fbb,Elmer371 Gusikowski974,M,GENERAL PRACTICE,400 N. MCDOWELL BLVD,PETALUMA,CA,949542339,38.25457225,-122.63187114688256,163,0
114dd546-8088-3bd8-9ede-7dc1b97a7c57,999a0816-6458-3e76-9f36-bb29ab0a7e90,Anton902 Kunde533,M,GENERAL PRACTICE,1322 WEST SIXTH STREET,SAN PEDRO,CA,907323501,33.7358518,-118.2922934,2,0
32630293-3871-3e8b-808a-0a9b38da89ec,a1bd98fa-577c-3c0a-8e96-6502bf644fc2,Yolanda648 Orellana194,F,GENERAL PRACTICE,100 W CALIFORNIA BLVD,PASADENA,CA,911053010,34.133226050000005,-118.15224362882289,333,0
b680968c-88b4-35eb-b797-b603ba3353d0,2802eb40-b38e-357a-b9c5-f4325689ba8c,Antonia30 Schiller186,M,GENERAL PRACTICE,545 N SAN GABRIEL AVE,AZUSA,CA,917022939,34.1336019,-117.9088096,30,0
7ffb8f52-e0bf-3be3-9550-0cd6bb15f496,ea4f44db-a37b-3295-aa9f-a8a558e14ff5,Shawanna357 Bernhard322,F,GENERAL PRACTICE,1430 W 6TH ST,SAN PEDRO,CA,907323503,33.738886,-118.30808362295082,1,0
595a0b72-6992-3fea-9a11-8970d0208d9f,f8bf40e2-5d52-36e3-a771-f20a8c3b24b7,Lino542 Feest103,M,GENERAL PRACTICE,9449 SAN FERNANDO ROAD,SUN VALLEY,CA,913521421,34.24115836241611,-118.39487598322148,121,0
9709fb29-a886-3405-b371-7185436fab6c,66a5d66b-4692-3b4c-af52-e1b1235c49ac,Mack300 Hackett68,M,GENERAL PRACTICE,7851 WALKER STREET  SUITE 101,LA PALMA,CA,906231734,33.84867038158733,-118.0371540717545,8,0
c832fac7-29de-3ba2-9727-255faadbf333,644a748c-d1e1-3ddc-9604-bb97dbaeac0b,Chanda935 Champlin946,F,GENERAL PRACTICE,1613 S VERMONT AVE,LOS ANGELES,CA,900064521,33.8821247,-118.2913193,34,0
de3a8fbc-4ee9-327e-bde6-802133145c29,e28ea27a-e01e-3b96-825e-9dd69f3ca15c,Leopoldo762 Schmeler639,M,GENERAL PRACTICE,1111 W LA PALMA AVENUE,ANAHEIM,CA,928012881,33.848169049999996,-117.93439068729162,828,0
a0c34e98-b8f3-342d-b4e0-4b61539d1519,898ab64c-00ce-3510-b32b-e20f1e71b061,Sondra191 Zieme486,F,GENERAL PRACTICE,2025 MORSE AVENUE,SACRAMENTO,CA,958252115,38.6023143,-121.3934474815771,128,0
29cd2106-0f37-31b3-8b65-1c53dcf5add4,709cbc4e-c958-3689-b500-4936476ec6ac,Octavio643 Cortez851,M,GENERAL PRACTICE,3527 OCEAN VIEW BLVD,GLENDALE,CA,912081211,34.203188714285716,-118.2282513877551,70,0
dc96e8a6-6125-3191-b904-30197f6ca975,36570795-6025-3e39-8bd2-da73dcba79c2,Diana207 Montañez267,F,GENERAL PRACTICE,714 N AVALON BLVD,WILMINGTON,CA,907445809,33.77882485714286,-118.26224157142856,2,0
a6040a42-19df-3686-9aed-668a9e37d04c,e9941e43-1201-3bd2-ae00-1e7f9bcfec8f,Hunter736 Marquardt819,M,GENERAL PRACTICE,3865 JACKSON ST,RIVERSIDE,CA,925033955,33.9270452,-117.43908038996827,82,0
768bcf6c-dde0-3809-9473-4942be3ae608,f31d1589-492c-32c4-9475-94c7174f7907,Berta524 Vigil207,F,GENERAL PRACTICE,124 SOUTH COLLEGE DRIVE  SUITE B,SANTA MARIA,CA,934545325,34.9385168,-120.4248686,5,0
6c9f533d-5ab6-38ee-b1cd-8b6e5a465417,1b5ea3d3-e0c3-3e12-b9c4-ab2eefdbc808,Jon665 Heidenreich818,F,GENERAL PRACTICE,3295 OLD CONEJO ROAD,THOUSAND OAKS,CA,913612456,34.1913339,-118.9487069,33,0
63072b19-c824-3a17-8476-d8a964181571,90aac3a7-a87e-3069-844f-1ea445e6b5d6,Blanca837 Peña909,F,GENERAL PRACTICE,7200 FOOTHILL BLVD,TUJUNGA,CA,910422719,34.248599,-118.288798,31,0
2722603a-cbbd-35b5-abfc-24991f1272f9,c0d677b6-da8f-3c55-a8ce-56a3b9b5eb78,Fritz267 MacGyver246,M,GENERAL PRACTICE,3807  SIERRA HWY SUITE 207,ACTON,CA,935101256,34.48074149999999,-118.1868378638664,16,0
94c0f27e-378b-3bed-aa9c-f048546b7317,239a4ec5-6f5e-3145-9f30-67996fb0b00b,Débora815 Quezada963,F,GENERAL PRACTICE,555 E HARDY ST,INGLEWOOD,CA,903014011,33.950461149999995,-118.34830662377192,478,0
feb38740-cef9-30b3-a7b0-62951f35de01,c40fe860-16bb-3876-afdf-9c4632244caf,Salvador46 Wolff180,M,GENERAL PRACTICE,871 ENBORG CT,SAN JOSE,CA,951282604,37.3114868,-121.9342833,32,0
61ecd4b2-7ff8-3cf3-8a09-fef25463b95f,047c9b80-3ff5-3ece-afbd-99155a019e17,Jesús825 Ledesma253,M,GENERAL PRACTICE,2222 EAST ST,CONCORD,CA,945201924,37.98112449326816,-122.03274641150558,149,0
10ccf44c-a76a-3b5d-9545-22553d8f819d,b686b4df-edd0-3870-a408-5ff97fad2237,Chester802 Jaskolski867,M,GENERAL PRACTICE,2270 BACON ST,ROSEVILLE CA,CA,956613482,38.7521235,-121.2880059,148,0
7bf6593d-51f7-343f-9f20-b7255dc23595,21c2a341-f13c-39ee-bbbe-3a3311cd4546,Russel238 O'Reilly797,M,GENERAL PRACTICE,5855 E NAPLES PLZ,LONG BEACH,CA,908035077,33.7554882,-118.1195661,77,0
a5fbb7c6-1459-38aa-b765-2ba92c11e89d,4fa8a1e1-020c-358a-b70a-502099421729,Dante562 Reinger292,M,GENERAL PRACTICE,3311 PACIFIC AVENUE,PLEASANTON,CA,945666611,37.6624312,-121.8746789,42,0
2467aee9-16c6-3a8b-baab-0a553801bc3d,75584776-ea17-313d-8d91-c98b432f7ef6,Heriberto162 Ondricka197,M,GENERAL PRACTICE,18321 CLARK STREET,TARZANA,CA,913563547,34.17054565,-118.53277824088283,49,0
556e761b-0719-382a-8b6a-0d7103cb3885,5c2fe73c-9f83-3079-948e-fb32a6d97529,Marty115 Lebsack687,M,GENERAL PRACTICE,600 S LAKE AVE,PASADENA,CA,911063955,34.135751,-118.132158,173,0
7d546549-ae9f-34d9-aa02-4db872ebb735,5fd63454-ba60-3440-8d32-3019e5262d1e,See995 Stoltenberg489,F,GENERAL PRACTICE,38600 MEDICAL CENTER DR,PALMDALE,CA,935514483,34.583193800000004,-118.14462512448063,71,0
91789ad6-55fe-307d-b18c-6f2fdb5c64fd,e5b8b14a-c935-3915-8981-c16d9168fd95,Bobby524 Goldner995,M,GENERAL PRACTICE,3850 E. ESTHER ST.,LONG BEACH,CA,908042009,33.788850272727274,-118.14743251515152,4,0
4eb19583-19d6-3179-9f2d-45a2349f942f,7bcd8dfb-f1e8-3637-8c72-1a924478571d,Elinore878 Rempel203,F,GENERAL PRACTICE,35 E 10TH ST,TRACY,CA,953764058,37.7385218,-121.4334513,5,0
f839e96e-a341-34fe-b284-1be4e23ad436,0c2f3a76-5994-37ed-a0eb-f7c9dbedea7b,Kurt412 Ferry570,M,GENERAL PRACTICE,1000 TRANCAS ST,NAPA,CA,945594721,38.325328,-122.29608913388623,42,0
286eca0e-574b-3459-b570-0c30bd8fef6f,e8262a2e-35ae-3af7-a683-2efb530d037d,Leanora120 Pacocha935,F,GENERAL PRACTICE,4500 BUSINESS CENTER DR,VACAVILLE,CA,956874100,38.3565773,-121.9877444,88,0
7c3f5996-d242-3eba-a8b2-cb88bb3444d6,2cdf4f1a-c334-3ac8-bf1f-6d2f8f46ebd8,Calista635 O'Conner199,F,GENERAL PRACTICE,404 W 9TH ST,SAN BERNARDINO,CA,924011014,34.11588373510037,-117.29215199968925,1,0
572992c5-b139-3e97-a634-e3c8273f8266,e4e804d3-29b4-34d9-8173-fff352dd8d19,Elena945 Mojica921,F,GENERAL PRACTICE,716 SOUTH FAIR OAKS AVE,PASADENA,CA,911052618,34.133521370370374,-118.15025507407408,35,0
5a3fd581-4132-34f0-b0d8-92d0059f9606,d03228a9-8e41-34aa-b37e-2e77621fbc38,Karri995 Reinger292,F,GENERAL PRACTICE,200 COTTAGE AVENUE  SUITE 103,MANTECA,CA,953364935,37.79959,-121.19814,3,0
6af5fa52-8d17-3cce-b69d-9d72c39442cb,82821b91-673f-3e2e-85ba-9394029cdd7c,Mel236 Stokes453,M,GENERAL PRACTICE,5350 MADISON AVE,SACRAMENTO,CA,958413169,38.66066926190476,-121.33957807142858,68,0
634e5f05-3dca-3546-8e39-6247f83e2417,f8b4153f-4095-3783-80b5-b1359649b071,Shela13 Schaden604,F,GENERAL PRACTICE,8647 FENWICK STREET.,SUNLAND,CA,910401958,34.2614484,-118.30432,4,0
295af744-2605-30ef-9a09-7d38cbeef83a,a68453bb-1d8e-34f9-a50e-a9077f8f5e72,Kelsey155 Barton704,F,GENERAL PRACTICE,484 HOWE AVE,SACRAMENTO,CA,958255513,38.573781521749815,-121.41508279120777,18,0
459f1522-c166-3782-b508-b5240247659c,fdb448dc-51f7-3358-a57b-209798efc714,Magdalen131 Feeney44,F,GENERAL PRACTICE,6345 BALBOA BLVD  STE 213,ENCINO,CA,913161517,34.169706,-118.5011091,1,0
0e4f0483-af71-3695-9482-8736f89861bd,09d9375f-eed9-32e6-afb5-c9122b9a91cc,Dennis979 Rempel203,M,GENERAL PRACTICE,1450 MEDICAL CENTER DRIVE,SANTA ROSA,CA,954054801,38.4404925,-122.7141049,574,0
73916a59-261f-3f92-8c6f-d4b83a0471bf,0ea7ec33-a0b8-383f-8fbd-cac36ab403e1,Gertrud593 Kuhic920,F,GENERAL PRACTICE,2823 FRESNO STREET,FRESNO,CA,937211324,36.7433526,-119.78408779817215,91,0
a4156a65-ee4c-3bb4-b41b-d8a9aab83c11,ecd96ec8-298d-377c-922b-96ce3176e0d6,Kim439 Friesen796,M,GENERAL PRACTICE,130 BRENTWOOD DRIVE,CHESTER,CA,960200737,40.3058121,-121.2347413,31,0
eaf77c09-79ff-3120-b874-8cf42140e809,8b578fb9-4bb3-3481-9f39-186066f60058,Wanita14 Larson43,F,GENERAL PRACTICE,1910 MAGNOLIA AVE,LOS ANGELES,CA,900071220,34.039743306122446,-118.28635046938776,52,0
41aa9334-3881-3fb1-84de-50b76d34db25,a652e8f8-201c-36c9-954e-5328392108e7,Orpha286 Ziemann98,F,GENERAL PRACTICE,3218 E HOLT AVE STE 201A,WEST COVINA,CA,917912310,34.069952,-117.8658088,90,0
43346834-6298-3ecb-964a-933915ae8764,c5126bb0-e776-3553-ac0b-19ee73bcf42c,Wilbur107 Lehner980,M,GENERAL PRACTICE,1345 GRAND AVE,PIEDMONT,CA,946101074,37.8214289,-122.24416555,68,0
dad911e8-5630-3dc5-863d-4a7ef9f273d1,05c88632-c92e-3f2d-93f6-733d52c0a29d,Jamie386 Lowe577,M,GENERAL PRACTICE,2510 N  CALIFORNIA ST,STOCKTON,CA,952045502,37.9767296,-121.290909,332,0
a8d3aa03-14be-37ff-b8ae-2188617d6dee,7ee37661-986b-3245-bcd5-fd410f993975,Vicente970 Fajardo595,M,GENERAL PRACTICE,410 NORTH WINCHESTER BOULEVARD,SANTA CLARA,CA,950506325,37.2333253,-121.6846349,3,0
c8be1cd2-5149-3e3d-a846-a263f4cba885,793d2cb5-c7e9-3d50-9352-cb5b41bb57ad,Jerome176 Sporer811,M,GENERAL PRACTICE,2740 GRANT ST,CONCORD,CA,945202265,37.98595515845069,-122.0388607130745,698,0
6020caf3-a17d-3238-8a19-ac18d94e7581,c6d89e0b-9c6a-366c-b00f-713bb40626d2,Bethel526 Ledner144,F,GENERAL PRACTICE,2410 CAMINO RAMON,SAN RAMON,CA,945834318,37.772638,-121.9647331,1,0
9a66e8fa-bdda-3dee-9d05-3b77e2ef5a80,f3d1cd06-cbce-3626-937b-894a165379ec,Nathan164 Bode78,M,GENERAL PRACTICE,1556 S SULTANA AVE,ONTARIO,CA,917614238,34.04550535743859,-117.64610464118688,71,0
c7e6cc3e-c0f5-3400-a5e6-27fc2c355c87,0b4db9c2-14dc-3fd4-81d7-9ca0d30450a4,Rudolf736 Skiles927,M,GENERAL PRACTICE,250 W 5TH ST,HANFORD,CA,932305029,36.32437014285714,-119.6477109387755,62,0
633febcb-dca6-3b1c-b41d-69196398cb94,3c749a3c-dee1-305a-9d95-3a074003fe7c,Brendan864 Mann644,M,GENERAL PRACTICE,300 NEAL STREET,PLEASANTON,CA,945667317,37.6598203,-121.8740406,46,0
d2e5ec88-1e01-3f30-b8d0-f1d7449d24a3,b4d6cf45-9229-30ed-80a2-a21babd3930f,Emory494 Schuster709,M,GENERAL PRACTICE,550 N MONTEREY AVE,ONTARIO,CA,917643318,34.0692804,-117.64259975332811,161,0
a570645f-b6c3-3364-865e-762481c31f0d,b18dc037-79b0-3ad2-b276-35ca8a4298ec,Isaiah615 Trantow673,M,GENERAL PRACTICE,23625 W R HOLMAN HIGHWAY,SALINAS,CA,939072533,36.6744117,-121.6550372,136,0
a69e28b2-ceee-3110-8deb-e2980604a25d,ad8738e7-18e2-3fb8-8835-b1b8ff10e718,Luis Miguel102 Colunga237,M,GENERAL PRACTICE,15248 11TH ST,VICTORVILLE,CA,923953704,34.528051250000004,-117.29354800180367,273,0
70f04661-1b65-3903-a63b-ebe15cbde6d2,bd9b3815-6bed-3953-976c-23daedb445e9,Shizuko29 Erdman779,F,GENERAL PRACTICE,1309 ALLSTON WAY,BERKELEY,CA,947021920,37.867519400000006,-122.28569434506784,5,0
6363b571-2681-30ef-b095-842ad2d486fd,c0752ee9-2ef6-351c-9311-7a0e6c049189,Lourdes258 Menéndez746,F,GENERAL PRACTICE,24801 ALICIA PKWY,LAGUNA HILLS,CA,926534654,33.6017968,-117.69222802889965,32,0
ff3f23b1-aebc-3e32-a30a-8d4d13dec643,3a856589-50ec-34b2-83ca-7f703e3a2f3f,Rashad361 Daugherty69,M,GENERAL PRACTICE,6337 BROOK HOLLOW CIR,STOCKTON,CA,952192441,37.99123835,-121.36038394751458,31,0
65f0ddbc-f0d0-3d58-ae7d-7a4786b3d735,e4468720-0bf8-3532-85ee-f58001105643,Evalyn273 Welch179,F,GENERAL PRACTICE,31236 PALOS VERDES DR W,RANCHO PALOS VERDES,CA,902755361,33.7482142,-118.4059815,1,0
0efe79fe-0172-38ac-bb67-af123ad53cbf,d11ecb3c-4065-362d-8603-9e337dd4377d,Kip442 Krajcik437,M,GENERAL PRACTICE,2500 GRANT RD,MOUNTAIN VIEW,CA,940404344,37.36885985000001,-122.079862859814,91,0
